sensor_id,sensor_code,sensor_type,status,firmware_version,location_name,latitude,longitude,last_seen,created_at,village_id,village_name,district,state,population,reading_count,latest_reading_at,latest_quality_score,latest_ph,latest_turbidity,latest_ecoli
82dc391f-c165-425d-a999-3b296ee18283,JAL-0001,water_quality,active,1.0.0,Bakultala monitoring point,12.50389,92.85917,2026-04-01T08:16:52.826469,2026-04-01T08:16:52.829630,ad2d7f2e-f53d-4463-a526-586f0de13999,Bakultala,North And Middle Andaman,Andaman And Nicobar Islands,1000,12,2026-04-01T08:16:52.826469,85.67,6.83,2.63,2.5
0eaee65b-6c28-4fe0-8093-1a8a02bd0b44,JAL-0002,water_quality,active,1.0.0,Baratang monitoring point,12.16694,92.76556,2026-04-01T08:16:52.826469,2026-04-01T08:16:52.835389,be4e2d2a-cead-4d00-9100-234dfca74398,Baratang,North And Middle Andaman,Andaman And Nicobar Islands,1173,12,2026-04-01T08:16:52.826469,85.48,6.84,2.67,2.5
3c3b5535-b9af-41df-8f8f-b02e71dfb130,JAL-0003,water_quality,active,1.0.0,Basantipur monitoring point,12.72917,92.88472,2026-04-01T08:16:52.826469,2026-04-01T08:16:52.845263,c1230b20-80ac-4a2f-ac5c-1d94a7737232,Basantipur,North And Middle Andaman,Andaman And Nicobar Islands,1346,12,2026-04-01T08:16:52.826469,84.89,6.85,2.71,2.6
859c3aab-a59a-4d1c-81c4-355e8e69748e,JAL-0004,water_quality,active,1.0.0,Betapur monitoring point,12.62222,92.87278,2026-04-01T08:16:52.826469,2026-04-01T08:16:52.851188,bd6c8b57-b55f-495d-9802-05066e5d8784,Betapur,North And Middle Andaman,Andaman And Nicobar Islands,1519,12,2026-04-01T08:16:52.826469,84.7,6.86,2.75,2.6
fb3446fe-298a-4f64-8b64-aa43e9c775e6,JAL-0005,water_quality,active,1.0.0,Durgapur monitoring point,13.23083,92.95528,2026-04-01T08:16:52.826469,2026-04-01T08:16:52.856850,feabe378-4852-4a70-8d93-5f0129266c4c,Durgapur,North And Middle Andaman,Andaman And Nicobar Islands,1692,12,2026-04-01T08:16:52.826469,84.51,6.87,2.8,2.6
11ed7a45-a794-4d39-9331-1fb56db54921,JAL-0006,water_quality,active,1.0.0,Haribeck monitoring point,12.98222,92.84556,2026-04-01T08:16:52.826469,2026-04-01T08:16:52.862391,e9772782-4514-4a60-acbc-7c8d0c420e35,Haribeck,North And Middle Andaman,Andaman And Nicobar Islands,1865,12,2026-04-01T08:16:52.826469,83.92,6.89,2.84,2.7
dc77190c-bd7a-4f5f-81ae-f9d3406065b8,JAL-0007,water_quality,active,1.0.0,Joypur monitoring point,12.69917,92.88167,2026-04-01T08:16:52.826469,2026-04-01T08:16:52.868937,80a40053-3bcd-43b4-bb74-f3592cde7840,Joypur,North And Middle Andaman,Andaman And Nicobar Islands,2038,12,2026-04-01T08:16:52.826469,83.73,6.9,2.88,2.7
497e88b4-ae3f-456f-ba8f-8fb13f0bdd33,JAL-0008,water_quality,active,1.0.0,Kadamtala monitoring point,12.34472,92.77889,2026-04-01T08:16:52.826469,2026-04-01T08:16:52.874444,86a06424-b68c-4d79-92b0-cac95c5eba9d,Kadamtala,North And Middle Andaman,Andaman And Nicobar Islands,2211,12,2026-04-01T08:16:52.826469,83.55,6.91,2.93,2.7
cc8a70b5-1a84-4de0-9e6c-d861318760ba,JAL-0009,water_quality,active,1.0.0,Kausalyanagar monitoring point,12.39528,92.78222,2026-04-01T08:16:52.826469,2026-04-01T08:16:52.879344,c2359ff6-4b4d-4a24-93d8-8add22098971,Kausalyanagar,North And Middle Andaman,Andaman And Nicobar Islands,2384,12,2026-04-01T08:16:52.826469,82.96,6.92,2.97,2.8
9015b7f7-c1b2-4048-8302-b0c20e46cf79,JAL-0010,water_quality,active,1.0.0,Keralapuram monitoring point,13.26028,93.01361,2026-04-01T08:16:52.826469,2026-04-01T08:16:52.887513,9cb484f8-da74-4ffd-acd4-8f09e6893a18,Keralapuram,North And Middle Andaman,Andaman And Nicobar Islands,2557,12,2026-04-01T08:16:52.826469,82.77,6.93,3.01,2.8
570e573a-755d-4a1e-9fe7-91a18d4a5aec,JAL-0011,water_quality,active,1.0.0,A Roppam monitoring point,14.02667,77.27361,2026-04-01T08:16:52.826469,2026-04-01T08:16:52.893162,79516353-babe-4983-a5b5-4621321f1728,A Roppam,Ananthapuramu,Andhra Pradesh,2730,12,2026-04-01T08:16:52.826469,82.58,6.94,3.05,2.8
164bf43d-e6b3-419d-aa53-56d68857dcd1,JAL-0012,water_quality,active,1.0.0,Adivi Brahmanapalli monitoring point,14.35333,78.0375,2026-04-01T08:16:52.826469,2026-04-01T08:16:52.898109,07fddba5-153f-4761-845f-e70202a7c0d5,Adivi Brahmanapalli,Ananthapuramu,Andhra Pradesh,2903,12,2026-04-01T08:16:52.826469,81.99,6.96,3.1,2.9
66f84c15-5136-4cf1-b6cd-1283082b9812,JAL-0013,water_quality,active,1.0.0,Aladahalli monitoring point,14.04694,77.04444,2026-04-01T08:16:52.826469,2026-04-01T08:16:52.903366,515953b5-06eb-4a64-9d4c-36bb06867ac3,Aladahalli,Ananthapuramu,Andhra Pradesh,3076,12,2026-04-01T08:16:52.826469,81.8,6.97,3.14,2.9
e527c2e5-4280-46a0-a33f-844072ed10ad,JAL-0014,water_quality,active,1.0.0,Alampur monitoring point,14.19167,78.16389,2026-04-01T08:16:52.826469,2026-04-01T08:16:52.909730,7cf39dde-7246-4c62-9580-2164f92d2820,Alampur,Ananthapuramu,Andhra Pradesh,3249,12,2026-04-01T08:16:52.826469,81.61,6.98,3.18,2.9
f993f6fc-5c2a-4410-80eb-b395c23bcc7c,JAL-0015,water_quality,active,1.0.0,Amarapuram monitoring point,14.12639,76.97778,2026-04-01T08:16:52.826469,2026-04-01T08:16:52.916214,69fa6a38-2ccb-466f-96b9-796efec44f72,Amarapuram,Ananthapuramu,Andhra Pradesh,3422,12,2026-04-01T08:16:52.826469,81.02,6.99,3.22,3.0
f7cb8624-8a80-4398-a8aa-9f6ac7d253eb,JAL-0016,water_quality,active,1.0.0,Amidala monitoring point,14.84167,77.25,2026-04-01T08:16:52.826469,2026-04-01T08:16:52.922442,391d424b-b951-4e34-8fbd-f25583701212,Amidala,Ananthapuramu,Andhra Pradesh,3595,12,2026-04-01T08:16:52.826469,80.83,7.0,3.27,3.0
614ef1ef-762c-4053-a10c-a9fe50ccec7c,JAL-0017,water_quality,active,1.0.0,Anantapur monitoring point,14.675,77.60833,2026-04-01T08:16:52.826469,2026-04-01T08:16:52.928629,478a806d-3ca4-4fe3-aa1c-a845a885f0e7,Anantapur,Ananthapuramu,Andhra Pradesh,3768,12,2026-04-01T08:16:52.826469,80.64,7.02,3.31,3.0
064a396b-b535-463e-850c-16b062ae58dc,JAL-0018,water_quality,active,1.0.0,Atmakur monitoring point,14.64444,77.35833,2026-04-01T08:16:52.826469,2026-04-01T08:16:52.935381,40d697b7-ac1f-40ed-b966-9e84db939e31,Atmakur,Ananthapuramu,Andhra Pradesh,3941,12,2026-04-01T08:16:52.826469,80.46,7.03,3.35,3.0
48b75d85-7681-45c4-a911-08cd9a7574f4,JAL-0019,water_quality,active,1.0.0,Batrepally monitoring point,14.25083,78.18028,2026-04-01T08:16:52.826469,2026-04-01T08:16:52.940433,203dfe98-363d-4732-b575-b22fa4bc5dab,Batrepally,Ananthapuramu,Andhra Pradesh,4114,12,2026-04-01T08:16:52.826469,79.87,7.04,3.4,3.1
90666fcf-0abc-412b-9e9c-deec6211db7b,JAL-0020,water_quality,active,1.0.0,Bontula monitoring point,14.84167,78.09333,2026-04-01T08:16:52.826469,2026-04-01T08:16:52.946347,cd08402b-e185-40c2-a24c-8240d3e735e7,Bontula,Ananthapuramu,Andhra Pradesh,4287,12,2026-04-01T08:16:52.826469,79.68,7.05,3.44,3.1
35383476-72a1-4ad4-b318-d4d93e8ce0da,JAL-0021,water_quality,active,1.0.0,Jairampur monitoring point,27.20833,96.04167,2026-04-01T08:16:52.826469,2026-04-01T08:16:52.952275,74d768ae-e3a4-4ff3-bf97-7552c7d13ef7,Jairampur,Changlang,Arunachal Pradesh,4460,12,2026-04-01T08:16:52.826469,79.49,7.06,3.48,3.1
6173a62b-5fd8-40e9-bbe1-ccaf67d51a0f,JAL-0022,water_quality,active,1.0.0,Namchik monitoring point,27.41667,96.04583,2026-04-01T08:16:52.826469,2026-04-01T08:16:52.957555,ccf1a148-f028-4e32-8284-bc2f3f2dcf16,Namchik,Changlang,Arunachal Pradesh,4633,12,2026-04-01T08:16:52.826469,78.9,7.08,3.52,3.2
6449163f-0895-4101-a284-958e6f731c75,JAL-0023,water_quality,active,1.0.0,Namphai monitoring point,27.45833,96.10833,2026-04-01T08:16:52.826469,2026-04-01T08:16:52.963388,1e823ac6-a7bb-4d30-9d37-d82f5b3e2c1c,Namphai,Changlang,Arunachal Pradesh,4806,12,2026-04-01T08:16:52.826469,78.71,7.09,3.57,3.2
a26046f4-8e5c-4410-aa84-85ed433a96af,JAL-0024,water_quality,active,1.0.0,Newlisan Kharsang monitoring point,27.5,96.13333,2026-04-01T08:16:52.826469,2026-04-01T08:16:52.967939,8482cdc5-5bd0-4e1b-be3c-92526ee7b5cf,Newlisan Kharsang,Changlang,Arunachal Pradesh,4979,12,2026-04-01T08:16:52.826469,78.52,7.1,3.61,3.2
c0bd59da-b6b8-4b7f-a917-1df323558f7f,JAL-0025,water_quality,active,1.0.0,Berung monitoring point,27.86667,95.31667,2026-04-01T08:16:52.826469,2026-04-01T08:16:52.974173,6f462991-7dc7-4461-ae61-babf6689233b,Berung,East Siang,Arunachal Pradesh,5152,12,2026-04-01T08:16:52.826469,77.93,7.11,3.65,3.3
69be7793-e681-4123-b0ee-6ed313f25318,JAL-0026,water_quality,active,1.0.0,Pasighat monitoring point,27.85,95.23333,2026-04-01T08:16:52.826469,2026-04-01T08:16:52.980911,8159f1ab-6595-4e63-b472-8f10faaeb28c,Pasighat,East Siang,Arunachal Pradesh,5325,12,2026-04-01T08:16:52.826469,77.74,7.12,3.69,3.3
69826627-6a51-4d7e-bf97-1b85f8dfd101,JAL-0027,water_quality,active,1.0.0,Pasighat N monitoring point,28.15139,95.29583,2026-04-01T08:16:52.826469,2026-04-01T08:16:52.985922,bfb884c2-e75a-4612-9588-54d141b477ec,Pasighat N,East Siang,Arunachal Pradesh,5498,12,2026-04-01T08:16:52.826469,77.55,7.14,3.74,3.3
8ea5e0bc-8e63-438b-b241-ebf4e68b789f,JAL-0028,water_quality,active,1.0.0,Rukching monitoring point,27.85,95.23333,2026-04-01T08:16:52.826469,2026-04-01T08:16:52.993447,fe525559-e41a-45d2-9a47-af18d3df4f6a,Rukching,East Siang,Arunachal Pradesh,5671,12,2026-04-01T08:16:52.826469,76.97,7.15,3.78,3.4
d795b9cc-e7b3-43fa-bee0-3142c1a63fe9,JAL-0029,water_quality,active,1.0.0,Lathow monitoring point,27.66667,95.875,2026-04-01T08:16:52.826469,2026-04-01T08:16:52.999488,bb3a8135-a0f0-45f0-9cc6-2fefeed2ec51,Lathow,Lohit,Arunachal Pradesh,5844,12,2026-04-01T08:16:52.826469,76.78,7.16,3.82,3.4
7a536bd9-3955-4178-bc41-113146d63fa1,JAL-0030,water_quality,active,1.0.0,Borduria monitoring point,27.01667,95.46667,2026-04-01T08:16:52.826469,2026-04-01T08:16:53.005904,beca8877-bf98-4579-a051-14bf7c56d76b,Borduria,Tirap,Arunachal Pradesh,6017,12,2026-04-01T08:16:52.826469,76.59,7.17,3.86,3.4
afb36392-8bf0-4591-8280-9fd4abb49b00,JAL-0031,water_quality,active,1.0.0,Aithabari monitoring point,26.73472,91.35833,2026-04-01T08:16:52.826469,2026-04-01T08:16:53.011379,8691f17a-359b-44c1-9ad5-99528789c70d,Aithabari,Baksa,Assam,6190,12,2026-04-01T08:16:52.826469,76.0,7.18,3.91,3.5
1daae47b-b93a-4fc3-920e-22befc5beced,JAL-0032,water_quality,active,1.0.0,Bansbari monitoring point,26.63333,90.99444,2026-04-01T08:16:52.826469,2026-04-01T08:16:53.016777,eb59edbb-e4c0-4713-9b62-f62f099d7c35,Bansbari,Baksa,Assam,6363,12,2026-04-01T08:16:52.826469,75.81,7.19,3.95,3.5
4e03bc82-c959-435f-8b14-e7408296f069,JAL-0033,water_quality,active,1.0.0,Hazaregaon monitoring point,26.71528,91.56,2026-04-01T08:16:52.826469,2026-04-01T08:16:53.022698,eab1be16-157b-4208-a17a-dba893fef6c5,Hazaregaon,Baksa,Assam,6536,12,2026-04-01T08:16:52.826469,75.62,7.21,3.99,3.5
8397fed8-d126-42c9-9743-6f569dc32cab,JAL-0034,water_quality,active,1.0.0,Hudukata monitoring point,26.60278,91.10556,2026-04-01T08:16:52.826469,2026-04-01T08:16:53.027909,dde7fc58-05f9-451c-8506-ea15faa50f49,Hudukata,Baksa,Assam,6709,12,2026-04-01T08:16:52.826469,74.79,7.22,4.04,3.6
38b26a18-8ffb-48df-926f-c00c8d06404d,JAL-0035,water_quality,active,1.0.0,Simla monitoring point,26.68333,91.21667,2026-04-01T08:16:52.826469,2026-04-01T08:16:53.034119,a3358b96-a905-4ef3-9a4f-755ab9d0db2e,Simla,Baksa,Assam,6882,12,2026-04-01T08:16:52.826469,74.36,7.23,4.08,3.6
c622bdd9-a295-45f0-ad58-31b4801e8b9e,JAL-0036,water_quality,active,1.0.0,Tamulpur monitoring point,26.63056,91.57083,2026-04-01T08:16:52.826469,2026-04-01T08:16:53.040529,bbd89d98-5f40-4fcc-b431-33e20ea0ff2f,Tamulpur,Baksa,Assam,7055,12,2026-04-01T08:16:52.826469,73.93,7.24,4.12,3.6
1a6f14f7-9589-4a96-81f0-018c046378a6,JAL-0037,water_quality,active,1.0.0,Ujanborbori monitoring point,26.6,91.1,2026-04-01T08:16:52.826469,2026-04-01T08:16:53.046157,e36c4f40-595e-4b0a-b619-4c71e7061a7f,Ujanborbori,Baksa,Assam,7228,12,2026-04-01T08:16:52.826469,84.64,7.25,4.16,3.6
6f2b8171-6406-4c8b-b0fd-50f838149a97,JAL-0038,water_quality,active,1.0.0,Bhawanipur monitoring point,26.48472,91.06667,2026-04-01T08:16:52.826469,2026-04-01T08:16:53.053045,12bab5dc-d6a4-4cf4-b6b1-64588400f528,Bhawanipur,Barpeta,Assam,7401,12,2026-04-01T08:16:52.826469,83.94,7.27,4.21,3.7
cfd533c6-e506-4e3e-b856-10d0c8155943,JAL-0039,water_quality,active,1.0.0,Bhawanipurtw monitoring point,26.46667,91.07361,2026-04-01T08:16:52.826469,2026-04-01T08:16:53.058069,d0e32a8e-1667-4e72-b1f0-24f146565fed,Bhawanipurtw,Barpeta,Assam,7574,12,2026-04-01T08:16:52.826469,83.7,7.28,4.25,3.7
9e8e4664-37b0-4fc8-b8f4-cbb081140ad6,JAL-0040,water_quality,active,1.0.0,Hastinapur monitoring point,26.50139,91.11944,2026-04-01T08:16:52.826469,2026-04-01T08:16:53.064281,26f73228-160b-4a9f-b306-399c208944fd,Hastinapur,Barpeta,Assam,7747,12,2026-04-01T08:16:52.826469,83.46,7.29,4.29,3.7
c4dfd6e6-0f6c-47ec-95df-68a55112df4f,JAL-0041,water_quality,active,1.0.0,Araria monitoring point,26.1375,87.42917,2026-04-01T08:16:52.826469,2026-04-01T08:16:53.070199,f6d7a360-a088-4dc2-ace2-94913199fb13,Araria,Araria,Bihar,7920,12,2026-04-01T08:16:52.826469,82.82,7.3,4.33,3.8
f3c54abe-2a14-4ffc-a24e-2cf28574cdd3,JAL-0042,water_quality,active,1.0.0,Bathnaha monitoring point,26.34944,87.23139,2026-04-01T08:16:52.826469,2026-04-01T08:16:53.075581,cfb7c9b4-6e22-4dec-af58-fa3a7114e212,Bathnaha,Araria,Bihar,8093,12,2026-04-01T08:16:52.826469,82.52,7.31,4.38,3.8
74051cb1-5be0-41a9-844f-07262a90b071,JAL-0043,water_quality,active,1.0.0,Bathnaha_badres monitoring point,26.3375,87.25,2026-04-01T08:16:52.826469,2026-04-01T08:16:53.082310,43441310-dc21-4513-8e1a-32020e72405f,Bathnaha_badres,Araria,Bihar,8266,12,2026-04-01T08:16:52.826469,82.28,7.33,4.42,3.8
0c856c43-1dc5-42d3-ae57-a075e431b4c0,JAL-0044,water_quality,active,1.0.0,Bhargama monitoring point,26.0525,87.15028,2026-04-01T08:16:52.826469,2026-04-01T08:16:53.088134,e479aa20-fbad-4da2-9521-5caf29534af9,Bhargama,Araria,Bihar,8439,12,2026-04-01T08:16:52.826469,81.64,7.34,4.46,3.9
27dcfcbe-1f8a-40e4-a8e6-9ae1c399c629,JAL-0045,water_quality,active,1.0.0,Haripur monitoring point,26.2575,87.23111,2026-04-01T08:16:52.826469,2026-04-01T08:16:53.094007,fd577b81-565d-4eed-b880-3dbb1a9a59e8,Haripur,Araria,Bihar,8612,12,2026-04-01T08:16:52.826469,81.34,7.35,4.51,3.9
fc63de22-2f62-4816-9e36-161e3ca5d2d9,JAL-0046,water_quality,active,1.0.0,Jokihat monitoring point,26.14583,87.65417,2026-04-01T08:16:52.826469,2026-04-01T08:16:53.100799,821215df-e089-4bf5-8cc4-964fd1f7123c,Jokihat,Araria,Bihar,8785,12,2026-04-01T08:16:52.826469,81.1,7.36,4.55,3.9
1230e68a-3c00-41c8-b010-ac862309bbb2,JAL-0047,water_quality,active,1.0.0,Matiyari monitoring point,26.28889,87.25194,2026-04-01T08:16:52.826469,2026-04-01T08:16:53.107685,29725b3f-88ce-4731-b106-92cec47c2dc2,Matiyari,Araria,Bihar,8958,12,2026-04-01T08:16:52.826469,80.46,7.37,4.59,4.0
132ee16f-60ea-4bef-abf8-7f50e0436ef7,JAL-0048,water_quality,active,1.0.0,Palasi monitoring point,26.25194,87.56889,2026-04-01T08:16:52.826469,2026-04-01T08:16:53.112424,8c22f7ff-bfc3-4d1c-b702-98baa4c168f4,Palasi,Araria,Bihar,9131,12,2026-04-01T08:16:52.826469,80.22,7.39,4.63,4.0
8c84e99c-8997-4ed5-933a-4e67784d3be7,JAL-0049,water_quality,active,1.0.0,Pallasi monitoring point,26.32278,87.23194,2026-04-01T08:16:52.826469,2026-04-01T08:16:53.118433,59373064-fb98-4920-8ff6-7657a3c20527,Pallasi,Araria,Bihar,9304,12,2026-04-01T08:16:52.826469,79.92,7.4,4.68,4.0
1910b57e-b804-49b2-9d66-e2757bfc130d,JAL-0050,water_quality,active,1.0.0,Raniganj monitoring point,26.06944,87.23389,2026-04-01T08:16:52.826469,2026-04-01T08:16:53.124635,5f90e12d-607f-4dba-9aa7-e72c9e2aeb5f,Raniganj,Araria,Bihar,9477,12,2026-04-01T08:16:52.826469,79.28,7.41,4.72,4.1
1db5f765-331a-4869-b487-1d06f51a60c9,JAL-0051,water_quality,active,1.0.0,Bhujal Bhawan Pz- Deep monitoring point,30.75972,76.80417,2026-04-01T08:16:52.826469,2026-04-01T08:16:53.131444,a2633059-ee79-4a14-bdd7-75c775831e3e,Bhujal Bhawan Pz- Deep,Chandigarh,Chandigarh,9823,12,2026-04-01T08:16:52.826469,79.04,7.42,4.76,4.1
c33659b2-8786-450a-b055-79185d6a31e8,JAL-0052,water_quality,active,1.0.0,Burail monitoring point,30.70833,76.79444,2026-04-01T08:16:52.826469,2026-04-01T08:16:53.140051,b051ba6d-0d8b-401e-a2a3-b270269a6395,Burail,Chandigarh,Chandigarh,9650,12,2026-04-01T08:16:52.826469,78.8,7.43,4.8,4.1
a79ef121-da69-4188-bf27-69bdad4b5c99,JAL-0053,water_quality,active,1.0.0,Csio monitoring point,30.7125,76.78528,2026-04-01T08:16:52.826469,2026-04-01T08:16:53.145792,aff92f43-716d-483c-8342-6be0edd4e9d4,Csio,Chandigarh,Chandigarh,9996,12,2026-04-01T08:16:52.826469,78.1,7.44,4.85,4.2
2bd2d276-c8ff-4a32-8523-e988683f5544,JAL-0054,water_quality,active,1.0.0,Csio-combined monitoring point,30.7125,76.78528,2026-04-01T08:16:52.826469,2026-04-01T08:16:53.151073,6d88e4a5-1ae8-4505-aa00-970cbb8d82ec,Csio-combined,Chandigarh,Chandigarh,1169,12,2026-04-01T08:16:52.826469,77.86,7.46,4.89,4.2
ab568afb-ed48-44fc-9ed2-b3be01ce5c15,JAL-0055,water_quality,active,1.0.0,Csio-deep monitoring point,30.7125,76.78528,2026-04-01T08:16:52.826469,2026-04-01T08:16:53.155715,fad47f35-ff9c-4c8b-b6df-565dd43d99b0,Csio-deep,Chandigarh,Chandigarh,1342,12,2026-04-01T08:16:52.826469,77.62,7.47,4.93,4.2
0f6cb76c-9886-414e-9fa4-4d3358e0be2b,JAL-0056,water_quality,active,1.0.0,Maloya Pz-deep monitoring point,30.75417,76.71944,2026-04-01T08:16:52.826469,2026-04-01T08:16:53.160898,3dd879cf-bb5d-434f-b0ce-675013f8674f,Maloya Pz-deep,Chandigarh,Chandigarh,1515,12,2026-04-01T08:16:52.826469,77.38,7.48,4.97,4.2
3e1770ba-9e7f-4a50-91fa-40b5aa0c05a6,JAL-0057,water_quality,active,1.0.0,New Indust Area monitoring point,30.69167,76.78611,2026-04-01T08:16:52.826469,2026-04-01T08:16:53.166339,b2bb3a64-644d-4368-9600-906fbe9c54bb,New Indust Area,Chandigarh,Chandigarh,1688,12,2026-04-01T08:16:52.826469,76.68,7.49,5.02,4.3
c9f2d9df-2710-4ffc-a424-8e6f43fa2a82,JAL-0058,water_quality,active,1.0.0,Sect monitoring point,30.75556,76.79444,2026-04-01T08:16:52.826469,2026-04-01T08:16:53.172194,194e60af-464d-4f0f-8395-5584e4b9456f,Sect,Chandigarh,Chandigarh,1861,12,2026-04-01T08:16:52.826469,76.44,7.5,5.06,4.3
a3beb653-54f5-4c1f-bf07-adf81e99316b,JAL-0059,water_quality,active,1.0.0,Sect monitoring point,30.75,76.78611,2026-04-01T08:16:52.826469,2026-04-01T08:16:53.178623,d56bd640-ea80-45f9-b196-1e6110406c78,Sect,Chandigarh,Chandigarh,2034,12,2026-04-01T08:16:52.826469,76.2,7.52,5.1,4.3
71df81fc-4795-4b25-a03c-e87e38548dea,JAL-0060,water_quality,active,1.0.0,Sect monitoring point,30.75,76.78611,2026-04-01T08:16:52.826469,2026-04-01T08:16:53.184540,0d01e336-adc5-4208-a531-c00f2115415a,Sect,Chandigarh,Chandigarh,2207,12,2026-04-01T08:16:52.826469,75.5,7.53,5.15,4.4
c6b2081e-d65e-49fd-9da5-02b5df83dd48,JAL-0061,water_quality,active,1.0.0,Amravati monitoring point,19.60556,81.93889,2026-04-01T08:16:52.826469,2026-04-01T08:16:53.191750,c73ba1c8-5e4b-42aa-b28b-2cb2aa981968,Amravati,Bastar,Chhattisgarh,2380,12,2026-04-01T08:16:52.826469,75.26,7.54,5.19,4.4
b2d844b6-0ee5-44b0-901e-70ce83f9c2b1,JAL-0062,water_quality,active,1.0.0,Bakawand - I monitoring point,19.28333,82.1,2026-04-01T08:16:52.826469,2026-04-01T08:16:53.197397,0582fccc-6c15-45cd-9e52-471579ea54c5,Bakawand - I,Bastar,Chhattisgarh,2553,12,2026-04-01T08:16:52.826469,75.02,7.55,5.23,4.4
9bb87bac-16dc-433c-bf2e-f670758be695,JAL-0063,water_quality,active,1.0.0,Balenga monitoring point,19.25917,81.88556,2026-04-01T08:16:52.826469,2026-04-01T08:16:53.202547,dc677944-93b5-4388-b9c4-15faa9d981e5,Balenga,Bastar,Chhattisgarh,2726,12,2026-04-01T08:16:52.826469,74.38,7.56,5.27,4.5
be04860c-b63e-4c61-b4ae-b60a7177adbf,JAL-0064,water_quality,active,1.0.0,Bare Arapur monitoring point,19.00833,81.86278,2026-04-01T08:16:52.826469,2026-04-01T08:16:53.207771,d9963210-41d7-4ee5-baaf-fc7aab9c87cb,Bare Arapur,Bastar,Chhattisgarh,2899,12,2026-04-01T08:16:52.826469,92.08,7.58,5.32,0.0
31c9127c-ce4d-4bd5-b02f-3139acc7d5e8,JAL-0065,water_quality,active,1.0.0,Bastar monitoring point,19.20139,81.93611,2026-04-01T08:16:52.826469,2026-04-01T08:16:53.213995,868ce5d6-9a21-40bf-96c3-5cb039043856,Bastar,Bastar,Chhattisgarh,3072,12,2026-04-01T08:16:52.826469,91.84,7.59,5.36,0.0
d1644034-a925-4edc-a59a-9d7d01b847e5,JAL-0066,water_quality,active,1.0.0,Batrail monitoring point,20.05417,81.57222,2026-04-01T08:16:52.826469,2026-04-01T08:16:53.220269,913ed28c-3e8a-44e1-8e84-aa8d3a6e6fb6,Batrail,Bastar,Chhattisgarh,3245,12,2026-04-01T08:16:52.826469,91.2,7.6,5.4,0.1
56d3621d-95ee-4056-9ede-01946f8cb0ad,JAL-0067,water_quality,active,1.0.0,Belgaon monitoring point,19.7375,81.925,2026-04-01T08:16:52.826469,2026-04-01T08:16:53.225049,bc1a4aaf-44c8-48ed-adb2-e3c50946e6bb,Belgaon,Bastar,Chhattisgarh,3418,12,2026-04-01T08:16:52.826469,90.96,7.61,5.44,0.1
9476a523-5f93-48c8-9bb2-63b03b7bb608,JAL-0068,water_quality,active,1.0.0,Bhanpuri monitoring point,19.33056,81.83194,2026-04-01T08:16:52.826469,2026-04-01T08:16:53.230854,0799cc52-4685-477e-a300-9835712ce720,Bhanpuri,Bastar,Chhattisgarh,3591,12,2026-04-01T08:16:52.826469,90.66,7.62,5.49,0.1
f2bb1abf-4ae0-40e4-8d51-741f51639aa6,JAL-0069,water_quality,active,1.0.0,Bhanpuri monitoring point,19.3325,81.83194,2026-04-01T08:16:52.826469,2026-04-01T08:16:53.237253,2b5cb670-fc46-4eae-8cfd-23f69efdbbe8,Bhanpuri,Bastar,Chhattisgarh,3764,12,2026-04-01T08:16:52.826469,90.02,7.64,5.53,0.2
443e9bc5-c89f-4f79-8343-e48f93b6a63b,JAL-0070,water_quality,active,1.0.0,Bhanpuri monitoring point,19.3325,81.83194,2026-04-01T08:16:52.826469,2026-04-01T08:16:53.251961,204ff6a2-0b97-4f59-8c8f-c1bc8eff8fb0,Bhanpuri,Bastar,Chhattisgarh,3937,12,2026-04-01T08:16:52.826469,89.78,7.65,5.57,0.2
ceb5f8e6-9b43-44d0-92b8-f66ac3dc324b,JAL-0071,water_quality,active,1.0.0,Rajghat Pz monitoring point,28.63944,77.24889,2026-04-01T08:16:52.826469,2026-04-01T08:16:53.264418,17fb1da2-babc-40ba-98d0-157bec7030f7,Rajghat Pz,Central,Delhi,4110,12,2026-04-01T08:16:52.826469,89.48,7.66,5.62,0.2
23597f64-b5d2-4561-979d-698e3b5b80d8,JAL-0072,water_quality,active,1.0.0,Akshardham Temple Pz monitoring point,28.60833,77.26667,2026-04-01T08:16:52.826469,2026-04-01T08:16:53.271001,de3b9277-1d17-41c7-ad5e-e9c7d4ec3a08,Akshardham Temple Pz,East,Delhi,4283,12,2026-04-01T08:16:52.826469,89.24,7.67,5.66,0.2
303437b6-6f3a-42ae-ab70-7e03c24d3daa,JAL-0073,water_quality,active,1.0.0,Anand Vihar Isbt Pz monitoring point,28.64722,77.31556,2026-04-01T08:16:52.826469,2026-04-01T08:16:53.277457,3f87c69a-51dd-4767-a346-dbe3039f185e,Anand Vihar Isbt Pz,East,Delhi,4456,12,2026-04-01T08:16:52.826469,88.6,7.68,5.7,0.3
9103f33c-0767-44b0-9359-7b5cfe2b35eb,JAL-0074,water_quality,active,1.0.0,Cbd Shahdara Pz monitoring point,28.66111,77.30306,2026-04-01T08:16:52.826469,2026-04-01T08:16:53.284725,d33ae2c1-119b-4744-be1c-72f350b9c745,Cbd Shahdara Pz,East,Delhi,4629,12,2026-04-01T08:16:52.826469,88.36,7.69,5.74,0.3
fee0739a-91fa-4c9e-8939-5fed2765ad09,JAL-0075,water_quality,active,1.0.0,Chilla Regulator monitoring point,28.58722,77.30139,2026-04-01T08:16:52.826469,2026-04-01T08:16:53.291619,1d9870f7-6fa0-4ba4-88ff-2aba635593d5,Chilla Regulator,East,Delhi,4802,12,2026-04-01T08:16:52.826469,88.06,7.71,5.79,0.3
b7a92ebc-6c24-49da-8b82-2d6f3968587a,JAL-0076,water_quality,active,1.0.0,Chillasaroda Pz monitoring point,28.60028,77.29861,2026-04-01T08:16:52.826469,2026-04-01T08:16:53.297553,bed14860-bd8c-4768-a7fb-702911dd2c0a,Chillasaroda Pz,East,Delhi,4975,12,2026-04-01T08:16:52.826469,87.42,7.72,5.83,0.4
cb5c0b54-9086-47f0-9ab7-1365a6b487f7,JAL-0077,water_quality,active,1.0.0,Ghazipur Crossing Pz monitoring point,28.62806,77.31806,2026-04-01T08:16:52.826469,2026-04-01T08:16:53.304001,b8bfdbe7-3162-4570-8a5e-e53b97f7a053,Ghazipur Crossing Pz,East,Delhi,5148,12,2026-04-01T08:16:52.826469,87.18,7.73,5.87,0.4
73836313-a86d-420b-a117-df62d19f2ac0,JAL-0078,water_quality,active,1.0.0,Kondli Pz monitoring point,28.61528,77.33083,2026-04-01T08:16:52.826469,2026-04-01T08:16:53.312293,224592ba-8970-4702-ae2f-6b626bc63e79,Kondli Pz,East,Delhi,5321,12,2026-04-01T08:16:52.826469,86.94,7.74,5.91,0.4
79ee63da-29e5-4781-8ad5-83186cd20c1f,JAL-0079,water_quality,active,1.0.0,"Mayur Vihar B Block, Ph monitoring point",28.61639,77.30444,2026-04-01T08:16:52.826469,2026-04-01T08:16:53.317619,5abae5a0-3883-442c-9da0-fcb592a38529,"Mayur Vihar B Block, Ph",East,Delhi,5494,12,2026-04-01T08:16:52.826469,86.24,7.75,5.96,0.5
d881cb7c-d35d-42f7-a0ea-a3dd1639c9cb,JAL-0080,water_quality,active,1.0.0,Mayur Vihar Flood Plain monitoring point,28.60056,77.28111,2026-04-01T08:16:52.826469,2026-04-01T08:16:53.323225,e572f8ab-8674-48f3-8054-db7a687f61ed,Mayur Vihar Flood Plain,East,Delhi,5667,12,2026-04-01T08:16:52.826469,86.0,7.77,6.0,0.5
23f6817e-873e-4ab2-af33-d2fec9a22841,JAL-0081,water_quality,active,1.0.0,Adavapal monitoring point,15.63972,73.89583,2026-04-01T08:16:52.826469,2026-04-01T08:16:53.328056,f3a4a725-4098-45eb-93cd-6cc62d9fb1e1,Adavapal,North Goa,Goa,5840,12,2026-04-01T08:16:52.826469,85.76,7.78,6.04,0.5
a64e9495-2cfa-45a2-ba7e-bb12cab1845f,JAL-0082,water_quality,active,1.0.0,Alto Betim Porvorim monitoring point,15.52361,73.83028,2026-04-01T08:16:52.826469,2026-04-01T08:16:53.333845,82f7c289-f1d2-4752-b01f-9b049d1de98a,Alto Betim Porvorim,North Goa,Goa,6013,12,2026-04-01T08:16:52.826469,85.06,7.79,6.09,0.6
16e26b77-062a-45a1-8b9c-257f3b7eae93,JAL-0083,water_quality,active,1.0.0,Anjuna Beach monitoring point,15.58417,73.73806,2026-04-01T08:16:52.826469,2026-04-01T08:16:53.340099,e8b8ba06-877e-4231-a704-98129638e74b,Anjuna Beach,North Goa,Goa,6186,12,2026-04-01T08:16:52.826469,84.82,7.8,6.13,0.6
b0474bcc-566a-42f2-b590-5437ed64f647,JAL-0084,water_quality,active,1.0.0,Bayalwadikeri monitoring point,15.61,74.06667,2026-04-01T08:16:52.826469,2026-04-01T08:16:53.346994,35cc152d-02cc-432e-b5b0-943342eb9121,Bayalwadikeri,North Goa,Goa,6359,12,2026-04-01T08:16:52.826469,84.58,7.81,6.17,0.6
f0ac8583-b511-48d7-8a6c-4ebc77c800b1,JAL-0085,water_quality,active,1.0.0,Bhamber Nanoda Cross monitoring point,15.58778,74.19111,2026-04-01T08:16:52.826469,2026-04-01T08:16:53.352776,3568ecb6-a162-4231-b4ed-c20b3b31d360,Bhamber Nanoda Cross,North Goa,Goa,6532,12,2026-04-01T08:16:52.826469,83.94,7.83,6.21,0.7
bca34780-7b79-43e3-a167-cecb5cab08e1,JAL-0086,water_quality,active,1.0.0,Bhujpal monitoring point,15.53917,74.08806,2026-04-01T08:16:52.826469,2026-04-01T08:16:53.359279,2218d125-483e-43f0-8257-044346be60a1,Bhujpal,North Goa,Goa,6705,12,2026-04-01T08:16:52.826469,83.64,7.84,6.26,0.7
8f0efaf7-2df3-4196-aa3d-cdd63e4f76b3,JAL-0087,water_quality,active,1.0.0,Bicholim monitoring point,15.58472,73.9575,2026-04-01T08:16:52.826469,2026-04-01T08:16:53.365416,30ee5559-5a78-466e-861a-970c14580ab6,Bicholim,North Goa,Goa,6878,12,2026-04-01T08:16:52.826469,83.4,7.85,6.3,0.7
072eaf19-dc89-49ba-b09c-8683b87a66b9,JAL-0088,water_quality,active,1.0.0,Bicholim monitoring point,15.58333,73.96111,2026-04-01T08:16:52.826469,2026-04-01T08:16:53.370874,447adab3-2011-45dd-9029-7487e9285708,Bicholim,North Goa,Goa,7051,12,2026-04-01T08:16:52.826469,82.76,7.86,6.34,0.8
af480035-b679-4a5b-8f6b-98bac8a2ea9d,JAL-0089,water_quality,active,1.0.0,Bori monitoring point,15.35556,74.00333,2026-04-01T08:16:52.826469,2026-04-01T08:16:53.376343,21a02143-a40d-45ba-ab02-50043c4058a0,Bori,North Goa,Goa,7224,12,2026-04-01T08:16:52.826469,82.52,7.87,6.38,0.8
460a6de3-3dff-4bee-b11d-e109a41f96d7,JAL-0090,water_quality,active,1.0.0,Britona monitoring point,15.51667,73.83917,2026-04-01T08:16:52.826469,2026-04-01T08:16:53.382431,fb8cf862-848b-40bf-82ef-658d6a20f0d3,Britona,North Goa,Goa,7397,12,2026-04-01T08:16:52.826469,82.22,7.88,6.43,0.8
a643f2ca-5332-4e08-b6c6-700111dcf776,JAL-0091,water_quality,active,1.0.0,Ahmedabad Cant_pz_i monitoring point,23.07222,72.6125,2026-04-01T08:16:52.826469,2026-04-01T08:16:53.388029,f0da363d-e3f1-48c2-ad36-a580645ed545,Ahmedabad Cant_pz_i,Ahmedabad,Gujarat,7570,12,2026-04-01T08:16:52.826469,81.98,7.9,6.47,0.8
a7356450-8e99-4209-9b3b-0a6b00c2cabc,JAL-0092,water_quality,active,1.0.0,Ahmedabad Cant_pz_i monitoring point,23.0725,72.60417,2026-04-01T08:16:52.826469,2026-04-01T08:16:53.393836,01aa6e79-156f-4d9b-a7ec-8b69e13264f2,Ahmedabad Cant_pz_i,Ahmedabad,Gujarat,7743,12,2026-04-01T08:16:52.826469,96.4,7.91,0.41,0.9
34b48567-caa8-4be3-a92c-1bd1a32bfb18,JAL-0093,water_quality,active,1.0.0,Ahmedabad Cant_pz_ii monitoring point,23.07278,72.60444,2026-04-01T08:16:52.826469,2026-04-01T08:16:53.399523,be6ae8b2-b2c6-4b7d-b14b-a4f4f7f6617a,Ahmedabad Cant_pz_ii,Ahmedabad,Gujarat,7916,12,2026-04-01T08:16:52.826469,96.4,7.92,0.45,0.9
eaf1784d-660f-4742-bf91-edc128f7d573,JAL-0094,water_quality,active,1.0.0,Anand Nagar_pz monitoring point,23.01194,72.52917,2026-04-01T08:16:52.826469,2026-04-01T08:16:53.405924,7444b06c-f97e-4244-99d9-8fe3b683a4ed,Anand Nagar_pz,Ahmedabad,Gujarat,8089,12,2026-04-01T08:16:52.826469,96.4,7.93,0.5,0.9
6c040494-04f0-46ed-a282-31c02e268765,JAL-0095,water_quality,active,1.0.0,Bagodara_pz_i monitoring point,22.64167,72.21389,2026-04-01T08:16:52.826469,2026-04-01T08:16:53.409997,501676a2-0102-44ef-9d38-b90c8f519ff9,Bagodara_pz_i,Ahmedabad,Gujarat,8262,12,2026-04-01T08:16:52.826469,96.0,7.94,0.54,1.0
e861d45b-f45f-4c12-b2c1-3401c4ca65ab,JAL-0096,water_quality,active,1.0.0,Bagodara_pz_ii monitoring point,22.64167,72.21389,2026-04-01T08:16:52.826469,2026-04-01T08:16:53.415773,c22009c3-7ffe-4bba-9fa5-ca96a969633a,Bagodara_pz_ii,Ahmedabad,Gujarat,8435,12,2026-04-01T08:16:52.826469,96.0,7.96,0.58,1.0
69c4de9d-62d1-4453-bff7-a29092173833,JAL-0097,water_quality,active,1.0.0,Barvala monitoring point,22.15,71.89167,2026-04-01T08:16:52.826469,2026-04-01T08:16:53.422440,3c636cea-b92e-4912-b83f-402c0a904a6e,Barvala,Ahmedabad,Gujarat,8608,12,2026-04-01T08:16:52.826469,96.0,7.97,0.63,1.0
ea1ba27c-6ab9-4aa1-a58c-428fa0e1861c,JAL-0098,water_quality,active,1.0.0,Bopal_pz_i monitoring point,23.03861,72.45778,2026-04-01T08:16:52.826469,2026-04-01T08:16:53.430046,0de997f2-1586-4f0b-9e77-fa51de7da9b8,Bopal_pz_i,Ahmedabad,Gujarat,8781,12,2026-04-01T08:16:52.826469,95.6,7.98,0.67,1.1
6e55a50d-6d9d-4af7-9b33-5fb2a4efa3d3,JAL-0099,water_quality,active,1.0.0,Bopal_pz_ii monitoring point,23.03861,72.45778,2026-04-01T08:16:52.826469,2026-04-01T08:16:53.436519,0019ab74-535d-4a4b-b563-1efdc5a7755e,Bopal_pz_ii,Ahmedabad,Gujarat,8954,12,2026-04-01T08:16:52.826469,95.52,7.99,0.71,1.1
20dc7bfa-f724-48a0-85d6-23a92cf4c3e5,JAL-0100,water_quality,active,1.0.0,Bopal_pz_iii monitoring point,23.03861,72.45778,2026-04-01T08:16:52.826469,2026-04-01T08:16:53.443542,d1b44aa5-a957-4d23-92e6-c40c54feaabe,Bopal_pz_iii,Ahmedabad,Gujarat,9127,12,2026-04-01T08:16:52.826469,95.24,8.0,0.75,1.1
8ef3691d-e14a-4c05-ac5d-e4da7fbb89ae,JAL-0101,water_quality,active,1.0.0,Ambala Cantt monitoring point,30.38333,76.7625,2026-04-01T08:16:52.826469,2026-04-01T08:16:53.450328,19b01279-bafe-4625-82c2-154a427f9d45,Ambala Cantt,Ambala,Haryana,9300,12,2026-04-01T08:16:52.826469,94.56,8.02,0.8,1.2
a2d2dc87-e4fb-4608-970d-e5c08f2db75a,JAL-0102,water_quality,active,1.0.0,Ambala Cantt monitoring point,30.36667,76.83333,2026-04-01T08:16:52.826469,2026-04-01T08:16:53.456495,eb2120d6-531b-4113-8a12-81f7882e6cf0,Ambala Cantt,Ambala,Haryana,9473,12,2026-04-01T08:16:52.826469,94.28,8.03,0.84,1.2
43485013-7e45-487b-9599-fe9110194f3c,JAL-0103,water_quality,active,1.0.0,Ambala City monitoring point,30.38333,76.73333,2026-04-01T08:16:52.826469,2026-04-01T08:16:53.462697,9b36ddca-9eba-418d-bed5-0f1515fa2c74,Ambala City,Ambala,Haryana,9646,12,2026-04-01T08:16:52.826469,94.0,8.04,0.88,1.2
d430b11d-00d4-40ea-8486-e55e743ae77b,JAL-0104,water_quality,active,1.0.0,Ambala Harding monitoring point,30.35139,76.84722,2026-04-01T08:16:52.826469,2026-04-01T08:16:53.467805,a6be27c8-8569-4a17-b8ce-3e75ea528e48,Ambala Harding,Ambala,Haryana,9819,12,2026-04-01T08:16:52.826469,93.32,8.05,0.92,1.3
6f4dfd65-fd25-41fd-9dd5-c3e7663d7af0,JAL-0105,water_quality,active,1.0.0,Balana monitoring point,30.32083,76.72917,2026-04-01T08:16:52.826469,2026-04-01T08:16:53.474725,0237dec0-0948-43c7-bc11-7c2d0895e669,Balana,Ambala,Haryana,9992,12,2026-04-01T08:16:52.826469,93.04,8.06,0.97,1.3
26a5f029-1129-47c2-a095-b022b7e53669,JAL-0106,water_quality,active,1.0.0,Barara monitoring point,30.21667,77.05,2026-04-01T08:16:52.826469,2026-04-01T08:16:53.480963,f6b1b7e3-664c-4fc3-90b8-5b0d9df3cb73,Barara,Ambala,Haryana,1338,12,2026-04-01T08:16:52.826469,92.76,8.08,1.01,1.3
347e78e0-31b5-4703-a6d9-419211b13add,JAL-0107,water_quality,active,1.0.0,Barara S monitoring point,30.2125,77.03333,2026-04-01T08:16:52.826469,2026-04-01T08:16:53.484965,561c95d5-8597-4d98-b40a-9e50c8b69fb0,Barara S,Ambala,Haryana,1165,12,2026-04-01T08:16:52.826469,92.08,8.09,1.05,1.4
1f816d73-49df-47d3-b6a9-a571dc72d459,JAL-0108,water_quality,active,1.0.0,Bari Bassi monitoring point,30.46278,77.07222,2026-04-01T08:16:52.826469,2026-04-01T08:16:53.489705,dee51f4e-927a-47a8-84a9-4f497b636dec,Bari Bassi,Ambala,Haryana,1511,12,2026-04-01T08:16:52.826469,91.8,8.1,1.1,1.4
5900a857-52cc-49ab-ad50-37b770dbe1b7,JAL-0109,water_quality,active,1.0.0,Bhuragnpur monitoring point,30.28333,76.65,2026-04-01T08:16:52.826469,2026-04-01T08:16:53.499244,cefb3537-7c35-4e08-b20c-c73f5445687f,Bhuragnpur,Ambala,Haryana,1684,12,2026-04-01T08:16:52.826469,91.52,8.11,1.14,1.4
8344ec9d-1b20-4d13-880f-a0f0cce8d928,JAL-0110,water_quality,active,1.0.0,Bhurewala monitoring point,30.5,77.08333,2026-04-01T08:16:52.826469,2026-04-01T08:16:53.518843,9433e8d2-f72a-4a23-9e75-dff224311edd,Bhurewala,Ambala,Haryana,1857,12,2026-04-01T08:16:52.826469,91.24,8.12,1.18,1.4
1160661e-e9df-48cf-a407-7ecb129a6d69,JAL-0111,water_quality,active,1.0.0,Bagnalla monitoring point,31.77917,76.3375,2026-04-01T08:16:52.826469,2026-04-01T08:16:53.531043,c80d3bd6-a734-4f6f-8c75-b9063f42c9d0,Bagnalla,Hamirpur,Himachal Pradesh,2030,12,2026-04-01T08:16:52.826469,90.56,8.13,1.22,1.5
23f05d17-6e1f-497b-989e-9c2bf7fba8e8,JAL-0112,water_quality,active,1.0.0,Bijari monitoring point,31.5225,76.53917,2026-04-01T08:16:52.826469,2026-04-01T08:16:53.541541,c66c4738-6b0b-4c89-93c0-de4395babccf,Bijari,Hamirpur,Himachal Pradesh,2203,12,2026-04-01T08:16:52.826469,90.28,8.15,1.27,1.5
905d946b-795d-4820-b90c-c16d77c76149,JAL-0113,water_quality,active,1.0.0,Galore monitoring point,31.61444,76.47472,2026-04-01T08:16:52.826469,2026-04-01T08:16:53.548237,096081b0-e29f-4a5a-8f6c-c2acdc4fc25f,Galore,Hamirpur,Himachal Pradesh,2376,12,2026-04-01T08:16:52.826469,90.0,8.16,1.31,1.5
7ed6ef40-edcf-40e3-b54e-f3ede2f65be1,JAL-0114,water_quality,active,1.0.0,Kangu monitoring point,31.69194,76.42417,2026-04-01T08:16:52.826469,2026-04-01T08:16:53.555293,1a8ba126-c5ba-436a-be66-c23eedb36e53,Kangu,Hamirpur,Himachal Pradesh,2549,12,2026-04-01T08:16:52.826469,89.32,8.17,1.35,1.6
a078489f-0c1e-42c6-81c6-7a8d4650794b,JAL-0115,water_quality,active,1.0.0,Andaura monitoring point,32.125,75.69167,2026-04-01T08:16:52.826469,2026-04-01T08:16:53.562128,52957c6b-68b1-49d7-aa4e-06f6905abfa7,Andaura,Kangra,Himachal Pradesh,2722,12,2026-04-01T08:16:52.826469,89.04,8.18,1.39,1.6
272f682b-07e5-4c68-a160-d56e08cad0e5,JAL-0116,water_quality,active,1.0.0,Bandh monitoring point,32.0125,76.23333,2026-04-01T08:16:52.826469,2026-04-01T08:16:53.568649,fc1ef35d-d233-4645-8a63-746d288b38fe,Bandh,Kangra,Himachal Pradesh,2895,12,2026-04-01T08:16:52.826469,88.76,8.19,1.44,1.6
2cdfaa2b-8da0-45e1-a175-f82a914eadd7,JAL-0117,water_quality,active,1.0.0,Barota monitoring point,32.05833,75.72083,2026-04-01T08:16:52.826469,2026-04-01T08:16:53.575372,66eea228-f501-43fe-a246-36de572eac33,Barota,Kangra,Himachal Pradesh,3068,12,2026-04-01T08:16:52.826469,88.08,8.21,1.48,1.7
91531bc7-f2de-4c94-b153-c1fc901c5cb2,JAL-0118,water_quality,active,1.0.0,Basa Bazira monitoring point,32.26917,75.86972,2026-04-01T08:16:52.826469,2026-04-01T08:16:53.591877,540d00d3-f91b-40c1-a050-3776616cf42e,Basa Bazira,Kangra,Himachal Pradesh,3241,12,2026-04-01T08:16:52.826469,87.8,8.22,1.52,1.7
5415b486-9c0b-43ac-afe0-4dd3ab77e3ff,JAL-0119,water_quality,active,1.0.0,Bhalad monitoring point,32.19306,75.99444,2026-04-01T08:16:52.826469,2026-04-01T08:16:53.606185,34cc2d95-33ed-4f2d-8515-ae9ac68c89d4,Bhalad,Kangra,Himachal Pradesh,3414,12,2026-04-01T08:16:52.826469,87.52,8.23,1.57,1.7
20a5f34d-d319-4e29-ab2c-107fe08d6e9d,JAL-0120,water_quality,active,1.0.0,Bhali monitoring point,32.22306,76.10722,2026-04-01T08:16:52.826469,2026-04-01T08:16:53.613917,aa907554-9bc7-438a-862b-f91b0c029fcd,Bhali,Kangra,Himachal Pradesh,3587,12,2026-04-01T08:16:52.826469,86.84,8.24,1.61,1.8
1b5d3331-5964-4a17-98c0-cc3418afe063,JAL-0121,water_quality,active,1.0.0,Rambarpora monitoring point,33.74111,75.21611,2026-04-01T08:16:52.826469,2026-04-01T08:16:53.620563,4826650c-6d93-4c96-a456-619c7a9511a6,Rambarpora,Anantnag,Jammu And Kashmir,3760,12,2026-04-01T08:16:52.826469,86.55,8.25,1.65,1.8
55f082e8-5dfd-48fc-96be-e9a5afaca7d2,JAL-0122,water_quality,active,1.0.0,Agre Chak monitoring point,32.6225,74.71583,2026-04-01T08:16:52.826469,2026-04-01T08:16:53.627225,5e1d269d-1acc-46c3-8dac-a7878ed39c4f,Agre Chak,Jammu,Jammu And Kashmir,3933,12,2026-04-01T08:16:52.826469,86.08,8.27,1.69,1.8
c367cddd-cb9b-4e9e-8f71-37c829374937,JAL-0123,water_quality,active,1.0.0,Akhnoor monitoring point,32.85972,74.75139,2026-04-01T08:16:52.826469,2026-04-01T08:16:53.633187,7a74e380-51e1-4438-88cc-5a29dd341a4b,Akhnoor,Jammu,Jammu And Kashmir,4106,12,2026-04-01T08:16:52.826469,85.21,8.28,1.74,1.9
942f5d39-2c4a-4648-82f8-90b3382ffd84,JAL-0124,water_quality,active,1.0.0,Allah monitoring point,32.5175,74.83667,2026-04-01T08:16:52.826469,2026-04-01T08:16:53.638894,7bba2474-d080-4f31-8963-de1e1483a05b,Allah,Jammu,Jammu And Kashmir,4279,12,2026-04-01T08:16:52.826469,91.82,8.29,1.78,1.9
868cf801-d9ad-474a-9fe0-47f5edf6038f,JAL-0125,water_quality,active,1.0.0,Arnia monitoring point,32.52194,74.79917,2026-04-01T08:16:52.826469,2026-04-01T08:16:53.643714,5116b91b-83f2-435e-8130-ada0c359d683,Arnia,Jammu,Jammu And Kashmir,4452,12,2026-04-01T08:16:52.826469,91.63,8.3,1.82,1.9
1d82c586-89fe-473d-8ac6-45837a601242,JAL-0126,water_quality,active,1.0.0,Arnia Ii monitoring point,32.52028,74.79861,2026-04-01T08:16:52.826469,2026-04-01T08:16:53.650280,91d7bf8b-9ba1-47ee-a66b-7d459a4f665a,Arnia Ii,Jammu,Jammu And Kashmir,4625,12,2026-04-01T08:16:52.826469,91.44,8.31,1.86,1.9
4b242fa2-be4e-4214-afed-7385beaa8678,JAL-0127,water_quality,active,1.0.0,Badsoo monitoring point,32.8525,75.01861,2026-04-01T08:16:52.826469,2026-04-01T08:16:53.655493,dd1bf686-1819-4cfc-90fc-b73d146c85d1,Badsoo,Jammu,Jammu And Kashmir,4798,12,2026-04-01T08:16:52.826469,90.86,8.33,1.91,2.0
52034e2a-3ad6-44f9-8642-32453150dcc9,JAL-0128,water_quality,active,1.0.0,Bakore monitoring point,32.80556,74.5625,2026-04-01T08:16:52.826469,2026-04-01T08:16:53.660536,59763749-929e-48ba-b302-1fbfb5567def,Bakore,Jammu,Jammu And Kashmir,4971,12,2026-04-01T08:16:52.826469,90.67,8.34,1.95,2.0
c3974fc9-e511-451a-b87b-4713db691ef4,JAL-0129,water_quality,active,1.0.0,Banpari monitoring point,33.03333,74.45833,2026-04-01T08:16:52.826469,2026-04-01T08:16:53.666417,76a348ea-2b31-45d1-9d2e-108fa0da3abd,Banpari,Jammu,Jammu And Kashmir,5144,12,2026-04-01T08:16:52.826469,90.48,8.35,1.99,2.0
139647f2-25ef-48d3-afd3-61389f9d11f9,JAL-0130,water_quality,active,1.0.0,Baradow monitoring point,32.90833,74.43611,2026-04-01T08:16:52.826469,2026-04-01T08:16:53.673022,da37cbff-ee23-4bbe-86b9-0b5ad0193fd5,Baradow,Jammu,Jammu And Kashmir,5317,12,2026-04-01T08:16:52.826469,89.89,8.36,2.03,2.1
9474c094-eee2-443e-a410-24be358e4d82,JAL-0131,water_quality,active,1.0.0,Baramasia monitoring point,23.48472,86.23056,2026-04-01T08:16:52.826469,2026-04-01T08:16:53.679810,a4fb5428-4288-441e-998f-3c7380e1ed2b,Baramasia,Bokaro,Jharkhand,5490,12,2026-04-01T08:16:52.826469,89.7,8.37,2.08,2.1
6b4e2a67-84fe-44d0-b97f-6688bf4f5b0f,JAL-0132,water_quality,active,1.0.0,Chandankiyari monitoring point,23.575,86.35694,2026-04-01T08:16:52.826469,2026-04-01T08:16:53.686283,5e3198d1-8371-4698-8f5e-bdfab8109836,Chandankiyari,Bokaro,Jharkhand,5663,12,2026-04-01T08:16:52.826469,89.51,8.38,2.12,2.1
43d0d333-f5d3-4b74-b213-b8991a61f592,JAL-0133,water_quality,active,1.0.0,Chandrapura monitoring point,23.75028,86.13361,2026-04-01T08:16:52.826469,2026-04-01T08:16:53.692913,b21d28b0-1a11-4a92-bf52-8c7c1a13206a,Chandrapura,Bokaro,Jharkhand,5836,12,2026-04-01T08:16:52.826469,88.92,8.4,2.16,2.2
9af83b6b-2284-4ed4-8491-4a9b9f64ad3d,JAL-0134,water_quality,active,1.0.0,Chas monitoring point,23.63333,86.01667,2026-04-01T08:16:52.826469,2026-04-01T08:16:53.698377,e0c5071f-2a9b-4476-8be7-93323b689c41,Chas,Bokaro,Jharkhand,6009,12,2026-04-01T08:16:52.826469,88.73,6.71,2.21,2.2
d969512b-bb5a-4515-b371-c1b6dd550408,JAL-0135,water_quality,active,1.0.0,Gomia monitoring point,23.78333,85.83333,2026-04-01T08:16:52.826469,2026-04-01T08:16:53.703848,58211b49-063d-4dc5-bd3d-efc77e44eab5,Gomia,Bokaro,Jharkhand,6182,12,2026-04-01T08:16:52.826469,88.54,6.72,2.25,2.2
a00491df-012a-4651-b363-68315525f6eb,JAL-0136,water_quality,active,1.0.0,Jaina More monitoring point,23.7125,86.0875,2026-04-01T08:16:52.826469,2026-04-01T08:16:53.708376,147bfc66-954c-4eca-9673-a8993ce54dc9,Jaina More,Bokaro,Jharkhand,6355,12,2026-04-01T08:16:52.826469,87.95,6.73,2.29,2.3
01b1a0a4-984e-4acc-bd12-4f0ed8d5e388,JAL-0137,water_quality,active,1.0.0,Laghla monitoring point,23.6175,86.39583,2026-04-01T08:16:52.826469,2026-04-01T08:16:53.714317,3db79efd-3dc6-4474-bfa5-714db4dc1080,Laghla,Bokaro,Jharkhand,6528,12,2026-04-01T08:16:52.826469,87.77,6.74,2.33,2.3
be07253d-38a5-4387-8a32-79dca045d2bf,JAL-0138,water_quality,active,1.0.0,Mahuda monitoring point,23.75028,86.175,2026-04-01T08:16:52.826469,2026-04-01T08:16:53.719718,e76a8e7e-a7d3-4388-8e6d-a5bdf9875873,Mahuda,Bokaro,Jharkhand,6701,12,2026-04-01T08:16:52.826469,87.58,6.76,2.38,2.3
29f96d37-9cf4-4b26-8ae7-5aec66d82c00,JAL-0139,water_quality,active,1.0.0,Nawadih monitoring point,23.85,86.03333,2026-04-01T08:16:52.826469,2026-04-01T08:16:53.726241,c3984911-9c9f-47b3-8b05-2323a5ea1267,Nawadih,Bokaro,Jharkhand,6874,12,2026-04-01T08:16:52.826469,86.99,6.77,2.42,2.4
260e2e18-ce5f-4ea2-961b-b95dbc32169c,JAL-0140,water_quality,active,1.0.0,Petarbar monitoring point,23.68056,85.84167,2026-04-01T08:16:52.826469,2026-04-01T08:16:53.732599,2cad830d-60e3-4fa1-b1a4-6208659db573,Petarbar,Bokaro,Jharkhand,7047,12,2026-04-01T08:16:52.826469,86.8,6.78,2.46,2.4
fb5a521a-dcb5-4405-ba5e-58ae65fc021f,JAL-0141,water_quality,active,1.0.0,Alagur monitoring point,16.57222,75.34861,2026-04-01T08:16:52.826469,2026-04-01T08:16:53.738130,8061c8f5-a403-4a0e-916b-1ec2a9e17584,Alagur,Bagalkote,Karnataka,7220,12,2026-04-01T08:16:52.826469,86.61,6.79,2.5,2.4
93e2bcd8-4646-4573-a46c-119da726f14f,JAL-0142,water_quality,active,1.0.0,Amingad monitoring point,16.05417,75.94167,2026-04-01T08:16:52.826469,2026-04-01T08:16:53.744339,58bddcbd-bf14-47d8-86bd-5bd5064bfab8,Amingad,Bagalkote,Karnataka,7393,12,2026-04-01T08:16:52.826469,86.02,6.8,2.55,2.5
605e617b-0747-404f-b248-8a347ff5435c,JAL-0143,water_quality,active,1.0.0,Badagandi monitoring point,16.35,75.64167,2026-04-01T08:16:52.826469,2026-04-01T08:16:53.750700,945ace94-aefd-4f0a-8206-3cc2dab6d33f,Badagandi,Bagalkote,Karnataka,7566,12,2026-04-01T08:16:52.826469,85.83,6.82,2.59,2.5
110b93a8-92c6-4620-812d-6fcd8db3603e,JAL-0144,water_quality,active,1.0.0,Bagalkote Pz monitoring point,16.18611,75.70556,2026-04-01T08:16:52.826469,2026-04-01T08:16:53.757182,efd6f59c-59ba-43c1-bea9-80f8dd26e296,Bagalkote Pz,Bagalkote,Karnataka,7739,12,2026-04-01T08:16:52.826469,85.64,6.83,2.63,2.5
6ac3cb70-ee6b-4d17-b7dc-3704c8fadc97,JAL-0145,water_quality,active,1.0.0,Banhatti monitoring point,16.47917,75.13194,2026-04-01T08:16:52.826469,2026-04-01T08:16:53.763507,a06e9e28-d4b6-4509-b593-85b9a31c6587,Banhatti,Bagalkote,Karnataka,7912,12,2026-04-01T08:16:52.826469,85.45,6.84,2.68,2.5
86cf7f89-695d-4804-b7a6-4725c77d6f24,JAL-0146,water_quality,active,1.0.0,Belagalli monitoring point,16.38389,75.15167,2026-04-01T08:16:52.826469,2026-04-01T08:16:53.769898,8f6cfcb2-4a5e-48ef-b4ef-ea86bd1067d1,Belagalli,Bagalkote,Karnataka,8085,12,2026-04-01T08:16:52.826469,84.86,6.85,2.72,2.6
1f68b5a2-1168-4c16-8d08-fa5d91b9681a,JAL-0147,water_quality,active,1.0.0,Bevur monitoring point,16.20833,75.89583,2026-04-01T08:16:52.826469,2026-04-01T08:16:53.775823,c6a4552a-6127-4c9b-bec7-cbbcb7bdec7e,Bevur,Bagalkote,Karnataka,8258,12,2026-04-01T08:16:52.826469,84.67,6.86,2.76,2.6
15f2adf8-31fa-4e0e-88fd-1a75f1ffc792,JAL-0148,water_quality,active,1.0.0,Bilgi monitoring point,16.34583,75.6125,2026-04-01T08:16:52.826469,2026-04-01T08:16:53.782019,ec150b5e-919c-4ce8-8d67-e745a8cd661a,Bilgi,Bagalkote,Karnataka,8431,12,2026-04-01T08:16:52.826469,84.49,6.88,2.8,2.6
776266e5-71f8-4ea4-8cdb-03d6dfe4b0d5,JAL-0149,water_quality,active,1.0.0,Bilgi Pz monitoring point,16.34722,75.62222,2026-04-01T08:16:52.826469,2026-04-01T08:16:53.788702,28f2aa76-42bd-488d-a0c0-027a80fe2b1a,Bilgi Pz,Bagalkote,Karnataka,8604,12,2026-04-01T08:16:52.826469,83.9,6.89,2.85,2.7
424705f9-1fc6-4415-9908-b78ff066768c,JAL-0150,water_quality,active,1.0.0,Binjawadgi monitoring point,16.06389,76.10833,2026-04-01T08:16:52.826469,2026-04-01T08:16:53.794723,442c6aeb-dcff-402e-b55a-c1a376b3f554,Binjawadgi,Bagalkote,Karnataka,8777,12,2026-04-01T08:16:52.826469,83.71,6.9,2.89,2.7
cabe97b3-a58b-473b-af2e-9b0f8e982b36,JAL-0151,water_quality,active,1.0.0,Adikattukulangara monitoring point,9.17667,76.53,2026-04-01T08:16:52.826469,2026-04-01T08:16:53.800927,b6d7ccf4-e9b9-47eb-976b-ca206f45a258,Adikattukulangara,Alappuzha,Kerala,8950,12,2026-04-01T08:16:52.826469,83.52,6.91,2.93,2.7
fe4ea85d-2f9c-453e-937a-fa47297ff162,JAL-0152,water_quality,active,1.0.0,Alapuzha Town monitoring point,9.48333,76.34417,2026-04-01T08:16:52.826469,2026-04-01T08:16:53.806648,8423118c-c7f6-4a87-9d98-0506abe0578d,Alapuzha Town,Alappuzha,Kerala,9123,12,2026-04-01T08:16:52.826469,82.93,6.92,2.97,2.8
174dc33c-30fd-45d4-84e1-010bde1cf4bf,JAL-0153,water_quality,active,1.0.0,Alleppey monitoring point,9.49167,76.32639,2026-04-01T08:16:52.826469,2026-04-01T08:16:53.812256,592d39cb-42ec-4723-b5db-3d5f33de7019,Alleppey,Alappuzha,Kerala,9296,12,2026-04-01T08:16:52.826469,82.74,6.93,3.02,2.8
28e3c264-490b-4b1e-ad45-19020775c8f0,JAL-0154,water_quality,active,1.0.0,Ambalapuzha monitoring point,9.38333,76.3775,2026-04-01T08:16:52.826469,2026-04-01T08:16:53.819231,47134289-d383-44b0-8f6c-76c8372208bf,Ambalapuzha,Alappuzha,Kerala,9469,12,2026-04-01T08:16:52.826469,82.55,6.95,3.06,2.8
672f3779-5224-4d71-b4e7-4dcb9efc3bc1,JAL-0155,water_quality,active,1.0.0,Aranootimangalam monitoring point,9.23333,76.57639,2026-04-01T08:16:52.826469,2026-04-01T08:16:53.825221,8541934b-ca43-4bda-8a34-bdc959f5d795,Aranootimangalam,Alappuzha,Kerala,9642,12,2026-04-01T08:16:52.826469,81.96,6.96,3.1,2.9
4951f0fc-aa8c-4544-ae7a-eadeaacb5d31,JAL-0156,water_quality,active,1.0.0,Arukutti monitoring point,9.85,76.31667,2026-04-01T08:16:52.826469,2026-04-01T08:16:53.832216,3ab52395-5938-45da-a37e-35d81871d866,Arukutti,Alappuzha,Kerala,9815,12,2026-04-01T08:16:52.826469,81.77,6.97,3.15,2.9
f2aa1f03-fcaf-470e-a909-5bd95bdca673,JAL-0157,water_quality,active,1.0.0,Arur monitoring point,9.86972,76.305,2026-04-01T08:16:52.826469,2026-04-01T08:16:53.838249,9fb54d87-cd87-4325-aeea-47b0e511c095,Arur,Alappuzha,Kerala,9988,12,2026-04-01T08:16:52.826469,81.59,6.98,3.19,2.9
6586730e-2132-4f42-8193-b6fb9762bece,JAL-0158,water_quality,active,1.0.0,Champakulam monitoring point,9.41056,76.41472,2026-04-01T08:16:52.826469,2026-04-01T08:16:53.844033,c6e63474-ee65-4ccd-9591-98b573f50880,Champakulam,Alappuzha,Kerala,1161,12,2026-04-01T08:16:52.826469,81.0,6.99,3.23,3.0
3ea9746a-cdcc-486a-8446-fa6c1496a82b,JAL-0159,water_quality,active,1.0.0,Chandirur monitoring point,9.83333,76.3,2026-04-01T08:16:52.826469,2026-04-01T08:16:53.850038,6f064de1-6800-4081-80c9-055871a9de2b,Chandirur,Alappuzha,Kerala,1334,12,2026-04-01T08:16:52.826469,80.81,7.01,3.27,3.0
099ee6b8-46b8-45a3-82f5-4605717183c2,JAL-0160,water_quality,active,1.0.0,Charummud monitoring point,9.17333,76.60694,2026-04-01T08:16:52.826469,2026-04-01T08:16:53.855540,b2163270-9775-4206-9f3f-043460c43b7c,Charummud,Alappuzha,Kerala,1507,12,2026-04-01T08:16:52.826469,80.62,7.02,3.32,3.0
790693ad-3775-41d8-bbe1-990c994308a9,JAL-0161,water_quality,active,1.0.0,Aalirajpur monitoring point,22.29861,74.35361,2026-04-01T08:16:52.826469,2026-04-01T08:16:53.859865,cea973db-831b-4498-b67d-687b7720e156,Aalirajpur,Alirajpur,Madhya Pradesh,1680,12,2026-04-01T08:16:52.826469,80.03,7.03,3.36,3.1
fb978f2a-cde5-47db-9a79-da89d51dadce,JAL-0162,water_quality,active,1.0.0,Alirajpur monitoring point,22.30944,74.3525,2026-04-01T08:16:52.826469,2026-04-01T08:16:53.865737,6f86fc81-ac8c-46c6-b9b6-25e973d640c1,Alirajpur,Alirajpur,Madhya Pradesh,1853,12,2026-04-01T08:16:52.826469,79.84,7.04,3.4,3.1
7a69adea-994b-425c-9c43-9a0c0c796024,JAL-0163,water_quality,active,1.0.0,Ambua monitoring point,22.43,74.43722,2026-04-01T08:16:52.826469,2026-04-01T08:16:53.871015,99f35c07-5ed1-403d-b636-43f5a91df54e,Ambua,Alirajpur,Madhya Pradesh,2026,12,2026-04-01T08:16:52.826469,79.65,7.05,3.44,3.1
f355f455-88b8-416b-b86d-db8edfc229b9,JAL-0164,water_quality,active,1.0.0,Badaguda monitoring point,22.42972,74.51722,2026-04-01T08:16:52.826469,2026-04-01T08:16:53.876739,2d0af200-feb7-4947-b013-71d1d548630f,Badaguda,Alirajpur,Madhya Pradesh,2199,12,2026-04-01T08:16:52.826469,79.46,7.07,3.49,3.1
400b4b4c-aea3-4c9c-849e-fca5b0881f77,JAL-0165,water_quality,active,1.0.0,Bhabra monitoring point,22.53,74.3325,2026-04-01T08:16:52.826469,2026-04-01T08:16:53.882359,c82b1c47-40ba-4366-9150-9d49877b5032,Bhabra,Alirajpur,Madhya Pradesh,2372,12,2026-04-01T08:16:52.826469,78.87,7.08,3.53,3.2
328b75c1-0488-43ed-96e9-7bf69582764c,JAL-0166,water_quality,active,1.0.0,Bhabra New monitoring point,22.54861,74.31944,2026-04-01T08:16:52.826469,2026-04-01T08:16:53.888553,85a8e8f8-f598-4f3e-8bed-1fbb834b9e10,Bhabra New,Alirajpur,Madhya Pradesh,2545,12,2026-04-01T08:16:52.826469,78.68,7.09,3.57,3.2
f49105cb-1b87-48f9-b807-57c6dd4a6725,JAL-0167,water_quality,active,1.0.0,Borkua monitoring point,22.22361,74.34222,2026-04-01T08:16:52.826469,2026-04-01T08:16:53.895223,95e00f1b-81e1-4413-bd10-1aa934b3fb05,Borkua,Alirajpur,Madhya Pradesh,2718,12,2026-04-01T08:16:52.826469,78.5,7.1,3.61,3.2
129c5066-3ecf-4b5b-93ba-817aded6bb83,JAL-0168,water_quality,active,1.0.0,Chandpur monitoring point,22.35694,74.2425,2026-04-01T08:16:52.826469,2026-04-01T08:16:53.902434,90a62d7e-c237-4eba-b2ae-8f81be2c8ba3,Chandpur,Alirajpur,Madhya Pradesh,2891,12,2026-04-01T08:16:52.826469,77.91,7.11,3.66,3.3
1b2881e1-2cf8-49b8-b982-cef80bd2b62d,JAL-0169,water_quality,active,1.0.0,Fatta monitoring point,22.25944,74.59806,2026-04-01T08:16:52.826469,2026-04-01T08:16:53.907017,3e152620-dfc9-4ea3-80c7-0f87477693bd,Fatta,Alirajpur,Madhya Pradesh,3064,12,2026-04-01T08:16:52.826469,77.72,7.12,3.7,3.3
56e796cf-5bb5-4b2f-9894-024ef77d4e6e,JAL-0170,water_quality,active,1.0.0,Jobat monitoring point,22.41333,74.57111,2026-04-01T08:16:52.826469,2026-04-01T08:16:53.913275,bc0b653d-32a1-4b1c-bd9d-b15b7c9c4c11,Jobat,Alirajpur,Madhya Pradesh,3237,12,2026-04-01T08:16:52.826469,77.53,7.14,3.74,3.3
b70fb3eb-8348-46d3-8a91-5ad837a419ff,JAL-0171,water_quality,active,1.0.0,Akole_pz monitoring point,19.53333,74.03333,2026-04-01T08:16:52.826469,2026-04-01T08:16:53.918953,3a3a08d5-e3a0-4b30-bf1d-c391ab532f0d,Akole_pz,Ahmednagar,Maharashtra,3410,12,2026-04-01T08:16:52.826469,76.94,7.15,3.79,3.4
192edadf-0940-45b0-9c05-5dbc5c66ec4e,JAL-0172,water_quality,active,1.0.0,Ambi Khalsa_pz monitoring point,19.32778,74.175,2026-04-01T08:16:52.826469,2026-04-01T08:16:53.925822,9711bd27-4d33-4443-b1c1-b2504b33aecd,Ambi Khalsa_pz,Ahmednagar,Maharashtra,3583,12,2026-04-01T08:16:52.826469,76.75,7.16,3.83,3.4
606ad448-89a8-4052-bff5-a4d6f8bfba5e,JAL-0173,water_quality,active,1.0.0,Ambikhalsa monitoring point,19.35,74.175,2026-04-01T08:16:52.826469,2026-04-01T08:16:53.931224,aa034c65-582c-4bdc-a8d2-7caae01f0937,Ambikhalsa,Ahmednagar,Maharashtra,3756,12,2026-04-01T08:16:52.826469,76.56,7.17,3.87,3.4
9afdcb16-60c7-44e1-bbcc-5bd886ba4614,JAL-0174,water_quality,active,1.0.0,Arangaon_pz monitoring point,19.025,74.71806,2026-04-01T08:16:52.826469,2026-04-01T08:16:53.937177,599b7564-e194-447e-a879-6ae821b9049d,Arangaon_pz,Ahmednagar,Maharashtra,3929,12,2026-04-01T08:16:52.826469,75.97,7.18,3.91,3.5
3f49d3c4-9257-49b9-b6f0-2954124e97f7,JAL-0175,water_quality,active,1.0.0,Babhuleshwar monitoring point,19.6,74.50833,2026-04-01T08:16:52.826469,2026-04-01T08:16:53.945064,470514b2-e1f8-4a3e-ab1c-6997cbe73845,Babhuleshwar,Ahmednagar,Maharashtra,4102,12,2026-04-01T08:16:52.826469,75.78,7.2,3.96,3.5
8668bb20-78f8-4f1b-9ee5-f55990ac2e1a,JAL-0176,water_quality,active,1.0.0,Bambori monitoring point,19.28889,74.7375,2026-04-01T08:16:52.826469,2026-04-01T08:16:53.952278,045e851a-e4e1-49be-a59e-b0989b20839b,Bambori,Ahmednagar,Maharashtra,4275,12,2026-04-01T08:16:52.826469,75.59,7.21,4.0,3.5
b980cefd-d55b-41dd-95a6-a4187a0a36dc,JAL-0177,water_quality,active,1.0.0,Banpimpri monitoring point,18.83333,74.86667,2026-04-01T08:16:52.826469,2026-04-01T08:16:53.959786,2ca269d9-a79c-4aa4-9485-c4b6f354efc4,Banpimpri,Ahmednagar,Maharashtra,4448,12,2026-04-01T08:16:52.826469,74.77,7.22,4.04,3.6
cf5238f8-ccc6-49fc-9464-67b9913267ca,JAL-0178,water_quality,active,1.0.0,Baradgaon Sudrik monitoring point,18.45833,74.82333,2026-04-01T08:16:52.826469,2026-04-01T08:16:53.966415,5a38fc7a-c3d9-49fa-9a56-f955f54a5be0,Baradgaon Sudrik,Ahmednagar,Maharashtra,4621,12,2026-04-01T08:16:52.826469,74.34,7.23,4.08,3.6
503251d9-6713-4e2c-a049-4682bbbe7bf2,JAL-0179,water_quality,active,1.0.0,Belvandi (bk)_pz monitoring point,18.72583,74.59417,2026-04-01T08:16:52.826469,2026-04-01T08:16:53.974085,3dfc379d-1b2b-48ae-8c9a-85f24ebe371b,Belvandi (bk)_pz,Ahmednagar,Maharashtra,4794,12,2026-04-01T08:16:52.826469,73.85,7.24,4.13,3.6
ff2d5222-533c-4138-aefa-687ce20f5f30,JAL-0180,water_quality,active,1.0.0,Bhanas Hivre monitoring point,19.48944,74.96722,2026-04-01T08:16:52.826469,2026-04-01T08:16:53.981852,db25fe5f-5b76-4f57-b89b-066170b823b5,Bhanas Hivre,Ahmednagar,Maharashtra,4967,12,2026-04-01T08:16:52.826469,84.58,7.26,4.17,3.6
67bbbaf6-17b2-4974-acff-e33e89c28f4b,JAL-0181,water_quality,active,1.0.0,Jiribam monitoring point,24.80722,93.80722,2026-04-01T08:16:52.826469,2026-04-01T08:16:53.990314,466201b3-cbbc-424b-ab0b-1dc8bdd13d6c,Jiribam,Imphal East,Manipur,5140,12,2026-04-01T08:16:52.826469,83.94,7.27,4.21,3.7
f103fdda-cb4a-4563-a1ca-23200fe799c9,JAL-0182,water_quality,active,1.0.0,Bajengdoba monitoring point,25.88611,90.5125,2026-04-01T08:16:52.826469,2026-04-01T08:16:53.997357,7ea9ecd2-c40d-4afa-a417-66cf4cb7e508,Bajengdoba,East Garo Hills,Meghalaya,5313,12,2026-04-01T08:16:52.826469,83.64,7.28,4.26,3.7
4029e291-f424-4962-8c45-9618220ef47b,JAL-0183,water_quality,active,1.0.0,Darugiri monitoring point,25.61917,90.7675,2026-04-01T08:16:52.826469,2026-04-01T08:16:54.004513,2895b321-efa8-4646-9ef0-38d31fb23d1a,Darugiri,East Garo Hills,Meghalaya,5486,12,2026-04-01T08:16:52.826469,83.0,7.29,4.3,3.8
e2210d4b-521e-4b26-ab57-570a7273945d,JAL-0184,water_quality,active,1.0.0,Depa Sarangma monitoring point,25.86667,90.78333,2026-04-01T08:16:52.826469,2026-04-01T08:16:54.013233,76bcd95c-98ef-4290-8ea7-b9bea5d86f58,Depa Sarangma,East Garo Hills,Meghalaya,5659,12,2026-04-01T08:16:52.826469,82.76,7.3,4.34,3.8
faed0581-ca8b-48ef-95fa-a73db2ebad3f,JAL-0185,water_quality,active,1.0.0,Kharkutta monitoring point,25.90556,90.89444,2026-04-01T08:16:52.826469,2026-04-01T08:16:54.020087,cf2377fd-840f-4fd6-ab7c-3e5e445ba045,Kharkutta,East Garo Hills,Meghalaya,5832,12,2026-04-01T08:16:52.826469,82.52,7.32,4.38,3.8
1ca62a2a-1f97-49c0-85ea-ded7a97c2fd8,JAL-0186,water_quality,active,1.0.0,Mendal monitoring point,25.82472,90.46583,2026-04-01T08:16:52.826469,2026-04-01T08:16:54.025168,8eebef4f-640e-421e-8b18-3335e6a1b924,Mendal,East Garo Hills,Meghalaya,6005,12,2026-04-01T08:16:52.826469,82.22,7.33,4.43,3.8
bfbdc5ac-b6cf-431d-97f1-652c3a15bbf0,JAL-0187,water_quality,active,1.0.0,Mendipathar monitoring point,25.92083,90.50833,2026-04-01T08:16:52.826469,2026-04-01T08:16:54.032196,a4e1154f-ae95-4e5f-b865-33ccc18632b0,Mendipathar,East Garo Hills,Meghalaya,6178,12,2026-04-01T08:16:52.826469,81.58,7.34,4.47,3.9
6b8a1f61-07a4-4ae0-add8-4c097c7c5ed8,JAL-0188,water_quality,active,1.0.0,Rongjeng monitoring point,25.66667,90.80417,2026-04-01T08:16:52.826469,2026-04-01T08:16:54.038644,12765111-dfdd-45bb-aad3-b103acbc9ec2,Rongjeng,East Garo Hills,Meghalaya,6351,12,2026-04-01T08:16:52.826469,81.34,7.35,4.51,3.9
584653ba-426d-4650-83a0-522479bd6d02,JAL-0189,water_quality,active,1.0.0,Rongmil monitoring point,25.73611,90.82444,2026-04-01T08:16:52.826469,2026-04-01T08:16:54.044607,7ecf9bb8-bee8-4974-834d-9c9d685c73b6,Rongmil,East Garo Hills,Meghalaya,6524,12,2026-04-01T08:16:52.826469,81.1,7.36,4.55,3.9
ab79a48b-a92b-4dd5-bf5f-201c6f531aa0,JAL-0190,water_quality,active,1.0.0,Williamnagar monitoring point,25.51,90.51944,2026-04-01T08:16:52.826469,2026-04-01T08:16:54.050961,2bdfa1a6-ffac-4d28-8149-96dac400225d,Williamnagar,East Garo Hills,Meghalaya,6697,12,2026-04-01T08:16:52.826469,80.4,7.37,4.6,4.0
e7a4a1f3-5265-45a8-80fe-bdea246cba0a,JAL-0191,water_quality,active,1.0.0,Balat monitoring point,25.20556,91.4,2026-04-01T08:16:52.826469,2026-04-01T08:16:54.057218,75751077-93a1-471f-9661-147643040a6e,Balat,East Khasi Hills,Meghalaya,6870,12,2026-04-01T08:16:52.826469,80.16,7.39,4.64,4.0
5cf901d9-e1ae-4667-a8b5-d52d5624e087,JAL-0192,water_quality,active,1.0.0,Chumkidima monitoring point,25.8,93.79583,2026-04-01T08:16:52.826469,2026-04-01T08:16:54.062998,8f4ca198-e870-40c7-a64f-13b010cbe25c,Chumkidima,Dimapur,Nagaland,7043,12,2026-04-01T08:16:52.826469,79.92,7.4,4.68,4.0
3ed1960b-9339-4ba5-a889-b38463cd76f3,JAL-0193,water_quality,active,1.0.0,Dgm Colony monitoring point,25.91278,93.71528,2026-04-01T08:16:52.826469,2026-04-01T08:16:54.069190,d0c0714f-6631-4c49-be25-ab56149de9dd,Dgm Colony,Dimapur,Nagaland,7216,12,2026-04-01T08:16:52.826469,79.28,7.41,4.72,4.1
736d667b-f313-447f-9f0f-7254ec06b33a,JAL-0194,water_quality,active,1.0.0,Dhansiripar monitoring point,25.76667,93.61667,2026-04-01T08:16:52.826469,2026-04-01T08:16:54.075493,a8456236-8aec-40e2-891c-cd1f2b0bb91c,Dhansiripar,Dimapur,Nagaland,7389,12,2026-04-01T08:16:52.826469,78.98,7.42,4.77,4.1
08de6c8c-be94-4166-94d0-93c84672a50b,JAL-0195,water_quality,active,1.0.0,Dimapur monitoring point,25.90556,93.7125,2026-04-01T08:16:52.826469,2026-04-01T08:16:54.081438,221094fe-108a-442c-8a8e-be93e955032e,Dimapur,Dimapur,Nagaland,7562,12,2026-04-01T08:16:52.826469,78.74,7.43,4.81,4.1
fd21184a-d3a4-4482-b778-cc24428c95e3,JAL-0196,water_quality,active,1.0.0,Industrial Estate monitoring point,25.89944,93.69972,2026-04-01T08:16:52.826469,2026-04-01T08:16:54.085960,afc26ed6-47d8-4322-b5c6-4170f65fd6e8,Industrial Estate,Dimapur,Nagaland,7735,12,2026-04-01T08:16:52.826469,78.1,7.45,4.85,4.2
5efe5fdd-b62c-4df2-b6ab-12a9c621bdcf,JAL-0197,water_quality,active,1.0.0,Jalukie monitoring point,25.8,93.79583,2026-04-01T08:16:52.826469,2026-04-01T08:16:54.091924,f6a4789f-ee98-49b3-b856-9b6fa1d68f9d,Jalukie,Dimapur,Nagaland,7908,12,2026-04-01T08:16:52.826469,77.8,7.46,4.9,4.2
010f2afe-9b2e-4ead-acb6-908e8722db8a,JAL-0198,water_quality,active,1.0.0,Lumthi Colony monitoring point,25.9,93.76389,2026-04-01T08:16:52.826469,2026-04-01T08:16:54.097577,3d37ca9f-148c-437f-b6c6-825f3ef2ccde,Lumthi Colony,Dimapur,Nagaland,8081,12,2026-04-01T08:16:52.826469,77.56,7.47,4.94,4.2
a3bbfda2-3408-4504-bce8-b52337ed88e1,JAL-0199,water_quality,active,1.0.0,Marwari Colony monitoring point,25.90278,93.72917,2026-04-01T08:16:52.826469,2026-04-01T08:16:54.104743,a9cc7271-be90-4f8e-b9fd-ea1b67e9f0e9,Marwari Colony,Dimapur,Nagaland,8254,12,2026-04-01T08:16:52.826469,77.32,7.48,4.98,4.2
73796615-4a81-44d2-beb5-a477f443ef40,JAL-0200,water_quality,active,1.0.0,Purana Bazar monitoring point,25.915,93.74944,2026-04-01T08:16:52.826469,2026-04-01T08:16:54.110902,de336042-a579-4023-beb7-9e4ba80e6cbc,Purana Bazar,Dimapur,Nagaland,8427,12,2026-04-01T08:16:52.826469,76.68,7.49,5.02,4.3
bb303d29-d93e-4c2c-8869-fe28942d6d6f,JAL-0201,water_quality,active,1.0.0,Singrijan monitoring point,25.83333,93.71667,2026-04-01T08:16:52.826469,2026-04-01T08:16:54.116690,be097cd1-aa6a-44bd-90d3-eda96c6ef6d8,Singrijan,Dimapur,Nagaland,8600,12,2026-04-01T08:16:52.826469,76.38,7.51,5.07,4.3
2029503c-a1e9-4f8c-8af2-7062c1322b23,JAL-0202,water_quality,active,1.0.0,Amna monitoring point,20.84889,85.16889,2026-04-01T08:16:52.826469,2026-04-01T08:16:54.122189,a5b0a186-e1b7-4765-8153-2b64a4d6b555,Amna,Anugul,Odisha,8773,12,2026-04-01T08:16:52.826469,76.14,7.52,5.11,4.3
5df84d85-6288-404a-9fcc-2e517b1bb89e,JAL-0203,water_quality,active,1.0.0,Athamallik monitoring point,20.72194,84.53139,2026-04-01T08:16:52.826469,2026-04-01T08:16:54.129110,75c65ab2-916b-42f0-956a-2dc9a15dda87,Athamallik,Anugul,Odisha,8946,12,2026-04-01T08:16:52.826469,75.5,7.53,5.15,4.4
5f419c7e-248e-452c-b2da-eb247557c457,JAL-0204,water_quality,active,1.0.0,Attamallick monitoring point,20.72167,84.53194,2026-04-01T08:16:52.826469,2026-04-01T08:16:54.136767,06228ed9-272b-4c2a-bf95-1fc12368aa1e,Attamallick,Anugul,Odisha,9119,12,2026-04-01T08:16:52.826469,75.26,7.54,5.19,4.4
fc727833-541c-4351-acd8-c07a9b237e43,JAL-0205,water_quality,active,1.0.0,Bagharia monitoring point,21.10694,84.81583,2026-04-01T08:16:52.826469,2026-04-01T08:16:54.143996,9dc18091-8957-426f-88c9-b5815a23c7ec,Bagharia,Anugul,Odisha,9292,12,2026-04-01T08:16:52.826469,74.96,7.55,5.24,4.4
fdcc15f3-31f5-47ec-b4ed-b57267389d8b,JAL-0206,water_quality,active,1.0.0,Balanda monitoring point,20.9275,85.15778,2026-04-01T08:16:52.826469,2026-04-01T08:16:54.150243,c886b374-a227-4d89-912c-90c09514dd54,Balanda,Anugul,Odisha,9465,12,2026-04-01T08:16:52.826469,74.32,7.57,5.28,4.5
83612cdd-e2af-4b52-ae98-9ec07ab5bfae,JAL-0207,water_quality,active,1.0.0,Bamur monitoring point,21.01167,84.48611,2026-04-01T08:16:52.826469,2026-04-01T08:16:54.157189,c212f8d4-c6b7-42e9-adf1-84c6eca60e00,Bamur,Anugul,Odisha,9638,12,2026-04-01T08:16:52.826469,92.08,7.58,5.32,0.0
e21b50aa-e259-418a-a9e7-4bef48f9686d,JAL-0208,water_quality,active,1.0.0,Bantala monitoring point,20.74306,85.06306,2026-04-01T08:16:52.826469,2026-04-01T08:16:54.162229,69ff2386-b584-4dfd-82f6-a3d73b860de2,Bantala,Anugul,Odisha,9811,12,2026-04-01T08:16:52.826469,91.78,7.59,5.37,0.0
a12c2e7a-b368-4bfd-8c17-1117d8047e89,JAL-0209,water_quality,active,1.0.0,Bantala monitoring point,20.74167,85.06556,2026-04-01T08:16:52.826469,2026-04-01T08:16:54.168054,0d7c471a-2a62-49be-8295-e791c192486d,Bantala,Anugul,Odisha,9984,12,2026-04-01T08:16:52.826469,91.14,7.6,5.41,0.1
acea448e-f32b-4538-bc75-c78163c74e19,JAL-0210,water_quality,active,1.0.0,Barhabahal monitoring point,20.755,85.1,2026-04-01T08:16:52.826469,2026-04-01T08:16:54.173241,8baf0b02-0338-407d-bf32-8b6f359c6b47,Barhabahal,Anugul,Odisha,1157,12,2026-04-01T08:16:52.826469,90.9,7.61,5.45,0.1
f128dd4b-2c73-4cf4-a6bf-29ef83e8105b,JAL-0211,water_quality,active,1.0.0,Bhalugadia monitoring point,20.95806,85.01,2026-04-01T08:16:52.826469,2026-04-01T08:16:54.179102,a4e1fbe7-9eea-428a-8af2-a48a99eb987d,Bhalugadia,Anugul,Odisha,1330,12,2026-04-01T08:16:52.826469,90.66,7.62,5.49,0.1
c9468c12-112b-4754-bd2b-a225d389a71a,JAL-0212,water_quality,active,1.0.0,Kilakasakudi monitoring point,10.93333,79.84167,2026-04-01T08:16:52.826469,2026-04-01T08:16:54.186308,67f266d5-5ae9-4c66-b082-2f9ab06193da,Kilakasakudi,Karaikal,Puducherry,1503,12,2026-04-01T08:16:52.826469,89.96,7.64,5.54,0.2
8041129e-9156-4587-9b48-6c99323dc1f9,JAL-0213,water_quality,active,1.0.0,Kottucherry monitoring point,10.95833,79.81667,2026-04-01T08:16:52.826469,2026-04-01T08:16:54.192510,ea0fc770-d17b-45d3-b27c-62c7eccbad2e,Kottucherry,Karaikal,Puducherry,1676,12,2026-04-01T08:16:52.826469,89.72,7.65,5.58,0.2
aac8fc05-739a-49ed-b612-9330e9a69137,JAL-0214,water_quality,active,1.0.0,Nedungadu monitoring point,10.975,79.775,2026-04-01T08:16:52.826469,2026-04-01T08:16:54.199211,5bd2f1e2-002c-473c-bc73-f17ae933a733,Nedungadu,Karaikal,Puducherry,1849,12,2026-04-01T08:16:52.826469,89.48,7.66,5.62,0.2
aed48fa3-30d7-468d-868f-4c7fb1c4392b,JAL-0215,water_quality,active,1.0.0,Tirunallar monitoring point,10.975,79.775,2026-04-01T08:16:52.826469,2026-04-01T08:16:54.204088,e2baf380-517f-4e27-95eb-1e15f3f012f5,Tirunallar,Karaikal,Puducherry,2022,12,2026-04-01T08:16:52.826469,88.84,7.67,5.66,0.3
488f7b28-53fe-423d-a025-ff886d13eafa,JAL-0216,water_quality,active,1.0.0,Kattukuppam monitoring point,11.8,79.78333,2026-04-01T08:16:52.826469,2026-04-01T08:16:54.208427,e04fd4c3-6490-45bc-b286-32628d6e7a3c,Kattukuppam,Pondicherry,Puducherry,2195,12,2026-04-01T08:16:52.826469,88.54,7.68,5.71,0.3
61e6ca97-ed40-4a68-88c7-02ef04ed4157,JAL-0217,water_quality,active,1.0.0,Madagadipattu monitoring point,11.925,79.63333,2026-04-01T08:16:52.826469,2026-04-01T08:16:54.214724,89510e8d-b95f-4910-bd85-0e2c3f06c13d,Madagadipattu,Pondicherry,Puducherry,2368,12,2026-04-01T08:16:52.826469,88.3,7.7,5.75,0.3
ac31d8ec-7307-4bd8-9e41-bb6a73fb0c17,JAL-0218,water_quality,active,1.0.0,Mangalam Iii monitoring point,11.89167,79.76667,2026-04-01T08:16:52.826469,2026-04-01T08:16:54.222436,a020be20-7de0-4f02-b0e0-6732f3c9f47b,Mangalam Iii,Pondicherry,Puducherry,2541,12,2026-04-01T08:16:52.826469,88.06,7.71,5.79,0.3
67d6a56a-6cd4-43f5-8087-6e5e77349eb5,JAL-0219,water_quality,active,1.0.0,Pondicherry monitoring point,11.91194,79.82333,2026-04-01T08:16:52.826469,2026-04-01T08:16:54.228918,630d3f5d-1a63-4c1a-88d5-e7a667eb2293,Pondicherry,Pondicherry,Puducherry,2714,12,2026-04-01T08:16:52.826469,87.36,7.72,5.84,0.4
0626228f-22d9-4f72-b267-656c2939a56d,JAL-0220,water_quality,active,1.0.0,Reddichavadi monitoring point,11.88333,79.76667,2026-04-01T08:16:52.826469,2026-04-01T08:16:54.233566,39338cc3-3c56-4c13-9948-a4fcd438d556,Reddichavadi,Pondicherry,Puducherry,2887,12,2026-04-01T08:16:52.826469,87.12,7.73,5.88,0.4
1866dcd1-9414-4415-a5e5-0ad34f91d1e7,JAL-0221,water_quality,active,1.0.0,Villanur monitoring point,11.91667,79.75833,2026-04-01T08:16:52.826469,2026-04-01T08:16:54.238236,0d674f53-f444-4950-affa-ba7d8588f6eb,Villanur,Pondicherry,Puducherry,3060,12,2026-04-01T08:16:52.826469,86.48,7.74,5.92,0.5
897c6ffe-ef2d-4582-aefa-05caf1495714,JAL-0222,water_quality,active,1.0.0,Ajnala monitoring point,31.84583,74.75833,2026-04-01T08:16:52.826469,2026-04-01T08:16:54.242789,ef11e926-7840-477d-a870-15b1326a391c,Ajnala,Amritsar,Punjab,3233,12,2026-04-01T08:16:52.826469,86.24,7.76,5.96,0.5
a6ee3aac-9ef4-41b9-bf36-dac149b930d4,JAL-0223,water_quality,active,1.0.0,Amritsar monitoring point,31.63333,74.875,2026-04-01T08:16:52.826469,2026-04-01T08:16:54.248990,ad74c4a5-9e03-4bf5-af44-f279c8b31b88,Amritsar,Amritsar,Punjab,3406,12,2026-04-01T08:16:52.826469,85.94,7.77,6.01,0.5
70d46541-4057-46db-af74-90b64e07e87e,JAL-0224,water_quality,active,1.0.0,Attari monitoring point,31.60417,74.59167,2026-04-01T08:16:52.826469,2026-04-01T08:16:54.255602,9efe208d-eb7e-4117-997c-73dc32224213,Attari,Amritsar,Punjab,3579,12,2026-04-01T08:16:52.826469,85.7,7.78,6.05,0.5
e735da9e-e653-45c3-89c0-9fc492fd9246,JAL-0225,water_quality,active,1.0.0,Bajwa monitoring point,31.93333,74.8375,2026-04-01T08:16:52.826469,2026-04-01T08:16:54.261544,c31b8f06-245e-4b92-a3c8-f817f7fe6a86,Bajwa,Amritsar,Punjab,3752,12,2026-04-01T08:16:52.826469,85.06,7.79,6.09,0.6
a0976114-74cd-49b2-bd3b-65c25ce15905,JAL-0226,water_quality,active,1.0.0,Bal Kalan monitoring point,31.7125,74.90417,2026-04-01T08:16:52.826469,2026-04-01T08:16:54.267061,f08472a5-1ebd-4092-a758-0dfe7907c26c,Bal Kalan,Amritsar,Punjab,3925,12,2026-04-01T08:16:52.826469,84.82,7.8,6.13,0.6
3d22ba91-865d-4221-9035-b28f3f6234b3,JAL-0227,water_quality,active,1.0.0,Bhankar Kalan monitoring point,31.57917,74.71667,2026-04-01T08:16:52.826469,2026-04-01T08:16:54.272495,f9461ad3-f1d5-4980-b61e-1e9bf5cd7efa,Bhankar Kalan,Amritsar,Punjab,4098,12,2026-04-01T08:16:52.826469,84.52,7.82,6.18,0.6
994a16d6-5c1d-4222-a582-ef4910bf4f2d,JAL-0228,water_quality,active,1.0.0,Bhattaywad monitoring point,31.725,74.7125,2026-04-01T08:16:52.826469,2026-04-01T08:16:54.277541,c687b88a-d19f-47d6-b3c8-a5f2edf576a8,Bhattaywad,Amritsar,Punjab,4271,12,2026-04-01T08:16:52.826469,83.88,7.83,6.22,0.7
53077a78-94c3-4070-b1e9-64c2b771624d,JAL-0229,water_quality,active,1.0.0,Bholewal monitoring point,31.69167,75.18333,2026-04-01T08:16:52.826469,2026-04-01T08:16:54.283564,6f32e08d-6b10-4648-8726-f67e6a440a6c,Bholewal,Amritsar,Punjab,4444,12,2026-04-01T08:16:52.826469,83.64,7.84,6.26,0.7
853fddd3-9142-467c-b90a-68f3d3d620ba,JAL-0230,water_quality,active,1.0.0,Bhusse monitoring point,31.5375,74.68333,2026-04-01T08:16:52.826469,2026-04-01T08:16:54.291216,933c153a-a84c-4953-a820-b604186a1367,Bhusse,Amritsar,Punjab,4617,12,2026-04-01T08:16:52.826469,83.4,7.85,6.3,0.7
5c871b72-2e59-433a-a2b3-d801d4d7f19c,JAL-0231,water_quality,active,1.0.0,Boparai Khurd monitoring point,31.625,74.725,2026-04-01T08:16:52.826469,2026-04-01T08:16:54.298743,6ac776c6-aa35-4a73-ad3a-d75bdb57df97,Boparai Khurd,Amritsar,Punjab,4790,12,2026-04-01T08:16:52.826469,82.7,7.86,6.35,0.8
2994a246-f2f8-4654-8dc3-f96c58a00438,JAL-0232,water_quality,active,1.0.0,Ajagara monitoring point,26.03333,75.1,2026-04-01T08:16:52.826469,2026-04-01T08:16:54.304883,13b7f08c-c1c0-41f7-a0cb-cbe080379428,Ajagara,Ajmer,Rajasthan,4963,12,2026-04-01T08:16:52.826469,82.46,7.87,6.39,0.8
1c0b7b2f-c02d-4696-9957-0d8d4470de07,JAL-0233,water_quality,active,1.0.0,Andheri Devi monitoring point,26.07833,74.37611,2026-04-01T08:16:52.826469,2026-04-01T08:16:54.310903,cbafb6b0-6dc9-4b84-b076-ad4174948f35,Andheri Devi,Ajmer,Rajasthan,5309,12,2026-04-01T08:16:52.826469,82.22,7.89,6.43,0.8
a574f3f8-164d-43a6-bfad-8af5e7037a5c,JAL-0234,water_quality,active,1.0.0,Arian monitoring point,26.45,75.06667,2026-04-01T08:16:52.826469,2026-04-01T08:16:54.316035,992673a6-2056-48c9-9723-511e41baf41c,Arian,Ajmer,Rajasthan,5136,12,2026-04-01T08:16:52.826469,81.92,7.9,6.48,0.8
0ce46bab-8846-46cd-9dc8-196a40094c7d,JAL-0235,water_quality,active,1.0.0,Baglias monitoring point,25.90833,74.2,2026-04-01T08:16:52.826469,2026-04-01T08:16:54.320232,0b812f38-b9fb-436c-96ef-28840d98ce46,Baglias,Ajmer,Rajasthan,5482,12,2026-04-01T08:16:52.826469,96.4,7.91,0.42,0.9
d2b619b3-c449-4915-ba21-6439ce22e21c,JAL-0236,water_quality,active,1.0.0,Bandanwara monitoring point,26.15,74.7,2026-04-01T08:16:52.826469,2026-04-01T08:16:54.324606,e6fe9176-c2b9-48d3-ac49-64e8ced71cc7,Bandanwara,Ajmer,Rajasthan,5655,12,2026-04-01T08:16:52.826469,96.4,7.92,0.46,0.9
abcf94f7-0e55-4ed2-802e-9bc9b62afefb,JAL-0237,water_quality,active,1.0.0,Barora monitoring point,26.2125,75.03611,2026-04-01T08:16:52.826469,2026-04-01T08:16:54.330144,1a31e1ec-0fce-4e3d-93e5-17c4997b6029,Barora,Ajmer,Rajasthan,6001,12,2026-04-01T08:16:52.826469,96.4,7.93,0.5,0.9
74a30f90-5f30-4543-b9bb-b5dce3bf3460,JAL-0238,water_quality,active,1.0.0,Bogla monitoring point,25.83333,75.23333,2026-04-01T08:16:52.826469,2026-04-01T08:16:54.334580,bc85c90a-f3a4-469d-8f8c-4806b630653a,Bogla,Ajmer,Rajasthan,5828,12,2026-04-01T08:16:52.826469,96.0,7.95,0.55,1.0
dbb8e614-d818-462e-83c3-613374a810d2,JAL-0239,water_quality,active,1.0.0,Dasuk monitoring point,26.41667,75.13333,2026-04-01T08:16:52.826469,2026-04-01T08:16:54.340354,f7536959-b6f4-474e-9322-300024cbcc3e,Dasuk,Ajmer,Rajasthan,6174,12,2026-04-01T08:16:52.826469,96.0,7.96,0.59,1.0
67905e31-aed6-4941-8e3f-0e199b10777b,JAL-0240,water_quality,active,1.0.0,Daultpura monitoring point,25.995,74.44944,2026-04-01T08:16:52.826469,2026-04-01T08:16:54.345621,b01374b8-e352-40e8-9a91-1d994ce39d6e,Daultpura,Ajmer,Rajasthan,6347,12,2026-04-01T08:16:52.826469,96.0,7.97,0.63,1.0
4a097e5f-f200-44ac-9629-5253df43c49b,JAL-0241,water_quality,active,1.0.0,Ghugra monitoring point,26.50417,74.69167,2026-04-01T08:16:52.826469,2026-04-01T08:16:54.352773,6479c5dd-49c7-450a-a8fe-6a40cf3d2e1c,Ghugra,Ajmer,Rajasthan,6520,12,2026-04-01T08:16:52.826469,95.6,7.98,0.67,1.1
317a6a8c-fbc4-41ee-9a87-fa0a56074159,JAL-0242,water_quality,active,1.0.0,G.k.cholapuram monitoring point,11.21111,79.39583,2026-04-01T08:16:52.826469,2026-04-01T08:16:54.358139,b68e6df5-be4a-4180-94f0-73c1e848e4b7,G.k.cholapuram,Ariyalur,Tamil Nadu,6693,12,2026-04-01T08:16:52.826469,95.48,7.99,0.72,1.1
dd9a5b98-978f-4915-90e4-d8ff6beb297f,JAL-0243,water_quality,active,1.0.0,Jayankondam-ow I monitoring point,11.2125,79.38333,2026-04-01T08:16:52.826469,2026-04-01T08:16:54.363161,5fde8929-8c36-42c0-9e60-75aed4cff0d0,Jayankondam-ow I,Ariyalur,Tamil Nadu,6866,12,2026-04-01T08:16:52.826469,95.2,8.01,0.76,1.1
081d3603-36d2-4e72-bc5a-b3792c7f7cd4,JAL-0244,water_quality,active,1.0.0,Kalattur monitoring point,11.26944,79.37,2026-04-01T08:16:52.826469,2026-04-01T08:16:54.367712,ba2a6bdf-0651-42ee-b8d4-5bc73b843ce4,Kalattur,Ariyalur,Tamil Nadu,7039,12,2026-04-01T08:16:52.826469,94.52,8.02,0.8,1.2
d785ccb6-047c-4931-b112-0d9fd9bbea55,JAL-0245,water_quality,active,1.0.0,Kilpazhavur monitoring point,11.03333,79.05,2026-04-01T08:16:52.826469,2026-04-01T08:16:54.372725,6f4daad1-5982-4c14-950b-ae61c1beb4a8,Kilpazhavur,Ariyalur,Tamil Nadu,7212,12,2026-04-01T08:16:52.826469,94.24,8.03,0.85,1.2
cae934ec-3d38-403a-8854-b00d6027e5d2,JAL-0246,water_quality,active,1.0.0,Periyathukurichi monitoring point,11.41,79.33278,2026-04-01T08:16:52.826469,2026-04-01T08:16:54.378463,c736df97-a51c-464f-9766-c621c1e5dc08,Periyathukurichi,Ariyalur,Tamil Nadu,7385,12,2026-04-01T08:16:52.826469,93.96,8.04,0.89,1.2
540c49fd-5df7-432a-935b-7182a7006fb1,JAL-0247,water_quality,active,1.0.0,Tirumanur monitoring point,10.9375,79.10417,2026-04-01T08:16:52.826469,2026-04-01T08:16:54.385062,6177a373-184c-44c6-b155-0dff35e4ffc2,Tirumanur,Ariyalur,Tamil Nadu,7558,12,2026-04-01T08:16:52.826469,93.28,8.05,0.93,1.3
f96c89d9-26e5-4a60-88ba-6e5865f0c002,JAL-0248,water_quality,active,1.0.0,V.ramanapuram monitoring point,11.02389,79.1125,2026-04-01T08:16:52.826469,2026-04-01T08:16:54.392853,4a69cada-21bf-4d20-80ba-0943fd1da7d6,V.ramanapuram,Ariyalur,Tamil Nadu,7731,12,2026-04-01T08:16:52.826469,93.0,8.07,0.97,1.3
a6ca8d8e-6f5b-46a3-8720-d877071596da,JAL-0249,water_quality,active,1.0.0,Adyar monitoring point,13.01667,80.26667,2026-04-01T08:16:52.826469,2026-04-01T08:16:54.401186,7261b98f-ba6e-4092-ac29-851194da5aae,Adyar,Chennai,Tamil Nadu,7904,12,2026-04-01T08:16:52.826469,92.72,8.08,1.02,1.3
891d1601-8a4d-4be7-9af7-6844dbd637f5,JAL-0250,water_quality,active,1.0.0,Alwarpet monitoring point,13.025,80.25833,2026-04-01T08:16:52.826469,2026-04-01T08:16:54.407376,aaa01ef7-37f8-4830-8f64-5b8ae389352a,Alwarpet,Chennai,Tamil Nadu,8077,12,2026-04-01T08:16:52.826469,92.04,8.09,1.06,1.4
b29840d4-1020-43b0-ad06-a922d2879bac,JAL-0251,water_quality,active,1.0.0,Aminjikarai monitoring point,13.06667,80.22778,2026-04-01T08:16:52.826469,2026-04-01T08:16:54.413113,399d6f94-af01-4d36-a963-ba1faf6615ee,Aminjikarai,Chennai,Tamil Nadu,8250,12,2026-04-01T08:16:52.826469,91.76,8.1,1.1,1.4
cce43365-7e24-430f-8afd-aa4addbe51cd,JAL-0252,water_quality,active,1.0.0,Asifabad monitoring point,19.36667,79.28333,2026-04-01T08:16:52.826469,2026-04-01T08:16:54.419047,2d56895e-8b6d-41ba-ae80-e330ec55c1de,Asifabad,Adilabad,Telangana,8423,12,2026-04-01T08:16:52.826469,91.48,8.11,1.14,1.4
532b6f64-db4d-4308-ba42-cafa3a26be37,JAL-0253,water_quality,active,1.0.0,Basar monitoring point,18.88333,77.96667,2026-04-01T08:16:52.826469,2026-04-01T08:16:54.426657,7e8caaeb-30aa-45ea-9f7b-257de55eae06,Basar,Adilabad,Telangana,8596,12,2026-04-01T08:16:52.826469,91.2,8.12,1.19,1.4
059c8dba-8d54-4260-858d-9a8680ccb414,JAL-0254,water_quality,active,1.0.0,Bela monitoring point,19.73333,78.76667,2026-04-01T08:16:52.826469,2026-04-01T08:16:54.432684,2a967442-ed9c-4293-b179-3fb260747357,Bela,Adilabad,Telangana,8769,12,2026-04-01T08:16:52.826469,90.52,8.14,1.23,1.5
5ec9b6e7-fa8a-40fe-96d0-687f5edd76a4,JAL-0255,water_quality,active,1.0.0,Bhimini -pz monitoring point,19.20972,79.59583,2026-04-01T08:16:52.826469,2026-04-01T08:16:54.438272,192a86bc-2de1-4b78-93d9-38b193dc2824,Bhimini,Adilabad,Telangana,8942,12,2026-04-01T08:16:52.826469,90.24,8.15,1.27,1.5
07ce30f1-3715-4a1c-90d4-d27686edf108,JAL-0256,water_quality,active,1.0.0,Bhimini-pz monitoring point,19.20972,79.59472,2026-04-01T08:16:52.826469,2026-04-01T08:16:54.444422,5b1e9b44-afb9-4ae7-81b7-99968111c66c,Bhimini,Adilabad,Telangana,9115,12,2026-04-01T08:16:52.826469,89.56,8.16,1.31,1.6
6b38b924-982e-467d-8e12-3efa9431286c,JAL-0257,water_quality,active,1.0.0,Boath monitoring point,19.34167,78.41667,2026-04-01T08:16:52.826469,2026-04-01T08:16:54.449886,3249d20f-ee23-4a4c-b184-d347ebef2211,Boath,Adilabad,Telangana,9288,12,2026-04-01T08:16:52.826469,89.28,8.17,1.36,1.6
ffcae685-02d5-4f6d-b8de-dcd06bbd1610,JAL-0258,water_quality,active,1.0.0,Boath monitoring point,19.35,78.33333,2026-04-01T08:16:52.826469,2026-04-01T08:16:54.456504,98237e29-1903-47c5-b31e-6d96d0e56ddf,Boath,Adilabad,Telangana,9461,12,2026-04-01T08:16:52.826469,89.0,8.18,1.4,1.6
81b4962b-48e2-408c-9945-0ade59bddad3,JAL-0259,water_quality,active,1.0.0,Burugudem monitoring point,19.33806,79.33444,2026-04-01T08:16:52.826469,2026-04-01T08:16:54.461165,aad06137-dc0f-400d-99e9-4c13f72da0f0,Burugudem,Adilabad,Telangana,9634,12,2026-04-01T08:16:52.826469,88.72,8.2,1.44,1.6
7d01552e-aa9e-480c-8203-be7e41f6dd8f,JAL-0260,water_quality,active,1.0.0,Chincholi Bk-dw monitoring point,19.14167,78.33944,2026-04-01T08:16:52.826469,2026-04-01T08:16:54.466949,e98d554b-618b-44d1-8a02-a7f6151ead98,Chincholi Bk,Adilabad,Telangana,9807,12,2026-04-01T08:16:52.826469,88.04,8.21,1.49,1.7
2b7c807d-4095-4066-9143-e2175ba2080a,JAL-0261,water_quality,active,1.0.0,Dandepalli monitoring point,19.01667,79.13333,2026-04-01T08:16:52.826469,2026-04-01T08:16:54.473822,52ba574f-34c2-4653-9584-f4552b8a7a5e,Dandepalli,Adilabad,Telangana,9980,12,2026-04-01T08:16:52.826469,87.76,8.22,1.53,1.7
f50e730f-1ffb-4ddd-b7a8-e43df4f0e471,JAL-0262,water_quality,active,1.0.0,Chinsda monitoring point,20.09028,73.15806,2026-04-01T08:16:52.826469,2026-04-01T08:16:54.479564,241ffad3-4c0c-448b-a746-42f7a99f4a1c,Chinsda,Dadra And Nagar Haveli,The Dadra And Nagar Haveli And Daman And Diu,1153,12,2026-04-01T08:16:52.826469,87.48,8.23,1.57,1.7
1d408cd1-662e-4ed6-a61c-24086d36ab04,JAL-0263,water_quality,active,1.0.0,Dapada monitoring point,20.1875,73.02361,2026-04-01T08:16:52.826469,2026-04-01T08:16:54.485795,163401e4-52aa-4d28-b9b6-624a85c6de3a,Dapada,Dadra And Nagar Haveli,The Dadra And Nagar Haveli And Daman And Diu,1326,12,2026-04-01T08:16:52.826469,86.8,8.24,1.61,1.8
be4966aa-8e4b-42b4-bf54-971db20e66b1,JAL-0264,water_quality,active,1.0.0,Dudhani monitoring point,20.17361,73.15833,2026-04-01T08:16:52.826469,2026-04-01T08:16:54.492480,f36ef6dd-1500-4efc-8b2f-f298d628104e,Dudhani,Dadra And Nagar Haveli,The Dadra And Nagar Haveli And Daman And Diu,1499,12,2026-04-01T08:16:52.826469,86.48,8.26,1.66,1.8
53a55194-2835-425e-93f4-72bd8ee6de4f,JAL-0265,water_quality,active,1.0.0,Khedi Ghodamba monitoring point,20.11111,73.04722,2026-04-01T08:16:52.826469,2026-04-01T08:16:54.498176,0372247a-488b-4064-bb59-5dc3a03549c3,Khedi Ghodamba,Dadra And Nagar Haveli,The Dadra And Nagar Haveli And Daman And Diu,1672,12,2026-04-01T08:16:52.826469,86.01,8.27,1.7,1.8
e1bb6d19-6bde-44ba-954f-792180444013,JAL-0266,water_quality,active,1.0.0,Kherdi Kathepada monitoring point,20.11306,73.03194,2026-04-01T08:16:52.826469,2026-04-01T08:16:54.503118,aec164e6-1c08-40f5-aa52-fc8a6994316c,Kherdi Kathepada,Dadra And Nagar Haveli,The Dadra And Nagar Haveli And Daman And Diu,1845,12,2026-04-01T08:16:52.826469,85.14,8.28,1.74,1.9
e13efcf9-999b-40c0-adc0-04beb0ffcef1,JAL-0267,water_quality,active,1.0.0,Kilvani Sharyapada monitoring point,20.30028,73.09056,2026-04-01T08:16:52.826469,2026-04-01T08:16:54.509901,e869fdeb-a124-49e8-a268-013decb13b36,Kilvani Sharyapada,Dadra And Nagar Haveli,The Dadra And Nagar Haveli And Daman And Diu,2018,12,2026-04-01T08:16:52.826469,91.8,8.29,1.78,1.9
b5e64559-d357-4e6a-a029-b894f0fe99e1,JAL-0268,water_quality,active,1.0.0,Luhari_dungaripada monitoring point,20.1925,72.96528,2026-04-01T08:16:52.826469,2026-04-01T08:16:54.515319,acb27e09-8857-4670-b351-227f1d62569e,Luhari_dungaripada,Dadra And Nagar Haveli,The Dadra And Nagar Haveli And Daman And Diu,2191,12,2026-04-01T08:16:52.826469,91.61,8.3,1.83,1.9
c440bb95-7de9-48b0-98cb-6f9c68298e28,JAL-0269,water_quality,active,1.0.0,Mandoni monitoring point,20.11111,73.13667,2026-04-01T08:16:52.826469,2026-04-01T08:16:54.521939,dcfd0407-f4bc-46c8-aee2-f37925d99e7d,Mandoni,Dadra And Nagar Haveli,The Dadra And Nagar Haveli And Daman And Diu,2364,12,2026-04-01T08:16:52.826469,91.02,8.31,1.87,2.0
05b7c863-86d2-4c36-83bc-fed3dc2edb96,JAL-0270,water_quality,active,1.0.0,Modpada monitoring point,20.30917,73.15944,2026-04-01T08:16:52.826469,2026-04-01T08:16:54.527663,c036493f-4dfa-4f07-ab54-92f083cedc91,Modpada,Dadra And Nagar Haveli,The Dadra And Nagar Haveli And Daman And Diu,2537,12,2026-04-01T08:16:52.826469,90.83,8.33,1.91,2.0
b3c64ef5-1ced-437f-96f4-4cf23de29b5d,JAL-0271,water_quality,active,1.0.0,Moolpada monitoring point,20.12306,73.09639,2026-04-01T08:16:52.826469,2026-04-01T08:16:54.532785,74d7bca4-65d5-4a67-8f55-c6694d04d4b7,Moolpada,Dadra And Nagar Haveli,The Dadra And Nagar Haveli And Daman And Diu,2710,12,2026-04-01T08:16:52.826469,90.64,8.34,1.96,2.0
53e9bdc3-f549-46ca-95c6-ef8106cf98b9,JAL-0272,water_quality,active,1.0.0,Abhanga monitoring point,24.08333,91.83333,2026-04-01T08:16:52.826469,2026-04-01T08:16:54.537833,37dffe30-9c32-4d1d-b207-77ee1eb83405,Abhanga,Dhalai,Tripura,2883,12,2026-04-01T08:16:52.826469,90.45,8.35,2.0,2.0
65f1a749-49a9-43c9-b58c-b8f0052aaf9f,JAL-0273,water_quality,active,1.0.0,Abhanga N monitoring point,24.04806,91.83889,2026-04-01T08:16:52.826469,2026-04-01T08:16:54.544592,eca940fb-64b1-456a-b19a-21c6da753658,Abhanga N,Dhalai,Tripura,3056,12,2026-04-01T08:16:52.826469,89.86,8.36,2.04,2.1
e5a788c3-a32d-4808-aa2e-942b0aadf43c,JAL-0274,water_quality,active,1.0.0,Ambassa monitoring point,23.91528,91.86667,2026-04-01T08:16:52.826469,2026-04-01T08:16:54.550211,257dd744-ed9a-49ff-a66c-99a134466207,Ambassa,Dhalai,Tripura,3229,12,2026-04-01T08:16:52.826469,89.67,8.37,2.08,2.1
b90771a8-ecef-4ade-ba1b-3ee5f118c6b0,JAL-0275,water_quality,active,1.0.0,Ambassa N monitoring point,23.91389,91.86806,2026-04-01T08:16:52.826469,2026-04-01T08:16:54.556388,7604de71-0941-4378-a8a7-6818c3397b8f,Ambassa N,Dhalai,Tripura,3402,12,2026-04-01T08:16:52.826469,89.48,8.39,2.13,2.1
039a826a-2d67-43af-ad12-c5ebc5f8275e,JAL-0276,water_quality,active,1.0.0,Kamalpur monitoring point,24.20417,91.84167,2026-04-01T08:16:52.826469,2026-04-01T08:16:54.562431,13814895-39b6-4140-a2d5-227a1b3e874b,Kamalpur,Dhalai,Tripura,3575,12,2026-04-01T08:16:52.826469,88.89,8.4,2.17,2.2
27afb83d-c3ea-45a3-803b-bee7f5ebaebb,JAL-0277,water_quality,active,1.0.0,Manu monitoring point,24.20417,91.84194,2026-04-01T08:16:52.826469,2026-04-01T08:16:54.567671,576a110c-e00b-4d00-bfd9-f58879650309,Manu,Dhalai,Tripura,3748,12,2026-04-01T08:16:52.826469,88.7,6.71,2.21,2.2
00793371-cefc-42da-bcc3-75f7f11fa45a,JAL-0278,water_quality,active,1.0.0,Manu N monitoring point,23.99917,91.99722,2026-04-01T08:16:52.826469,2026-04-01T08:16:54.572176,78c0069a-c0e0-45fd-8f8c-8fa700b8a08a,Manu N,Dhalai,Tripura,3921,12,2026-04-01T08:16:52.826469,88.52,6.72,2.25,2.2
b01e5016-d302-46a3-afbb-640bfda2377d,JAL-0279,water_quality,active,1.0.0,Baghbassa monitoring point,24.34056,92.21861,2026-04-01T08:16:52.826469,2026-04-01T08:16:54.577748,d50c835d-3fca-4541-8119-04931fc318d2,Baghbassa,North Tripura,Tripura,4094,12,2026-04-01T08:16:52.826469,87.93,6.73,2.3,2.3
f04b4bb7-7175-4f18-b55b-a86581db4d84,JAL-0280,water_quality,active,1.0.0,Baghbassa N monitoring point,24.36444,92.20889,2026-04-01T08:16:52.826469,2026-04-01T08:16:54.582621,5a5d7be8-bc97-4190-b487-6fc86b2a0600,Baghbassa N,North Tripura,Tripura,4267,12,2026-04-01T08:16:52.826469,87.74,6.75,2.34,2.3
d1c84d52-53b4-4383-8064-22d411ef0422,JAL-0281,water_quality,active,1.0.0,Damchera monitoring point,24.22222,92.28778,2026-04-01T08:16:52.826469,2026-04-01T08:16:54.588161,5973d7d2-e18c-4eb1-b889-3135d3cd5a54,Damchera,North Tripura,Tripura,4440,12,2026-04-01T08:16:52.826469,87.55,6.76,2.38,2.3
e49d3662-0718-4789-ad35-1f253552d36f,JAL-0282,water_quality,active,1.0.0,Achhanera Pz monitoring point,27.17722,77.74556,2026-04-01T08:16:52.826469,2026-04-01T08:16:54.594738,bf975481-d0fb-4fe6-bbe4-f22e749caa9b,Achhanera Pz,Agra,Uttar Pradesh,4613,12,2026-04-01T08:16:52.826469,86.96,6.77,2.43,2.4
7288487d-1d7f-444e-9550-873743fe705b,JAL-0283,water_quality,active,1.0.0,Bah Pz monitoring point,26.87,78.58917,2026-04-01T08:16:52.826469,2026-04-01T08:16:54.600725,783254e5-b9eb-4b57-8eb3-85c8386d546c,Bah Pz,Agra,Uttar Pradesh,4786,12,2026-04-01T08:16:52.826469,86.77,6.78,2.47,2.4
d9ecb1ce-a085-48e0-a604-f1dbd8a83ca9,JAL-0284,water_quality,active,1.0.0,Dabar Pz monitoring point,27.04917,77.59111,2026-04-01T08:16:52.826469,2026-04-01T08:16:54.605918,0c21df56-10d0-453c-8c4f-b1b2ad5cb60d,Dabar Pz,Agra,Uttar Pradesh,4959,12,2026-04-01T08:16:52.826469,86.58,6.79,2.51,2.4
67e42a97-7e72-4b52-91b5-214de114a4c1,JAL-0285,water_quality,active,1.0.0,Fatehabad Pz monitoring point,27.03,78.29583,2026-04-01T08:16:52.826469,2026-04-01T08:16:54.611711,2c9b8b71-0a0f-48ae-9a26-571cc48692a1,Fatehabad Pz,Agra,Uttar Pradesh,5132,12,2026-04-01T08:16:52.826469,85.99,6.81,2.55,2.5
30011349-a66f-4c6c-b769-3ddc3b54e27c,JAL-0286,water_quality,active,1.0.0,Fatehpur Sikri monitoring point,27.09167,77.66833,2026-04-01T08:16:52.826469,2026-04-01T08:16:54.617066,a3de25ea-b56c-425b-bbe6-6f2d13e6f11d,Fatehpur Sikri,Agra,Uttar Pradesh,5305,12,2026-04-01T08:16:52.826469,85.8,6.82,2.6,2.5
f68ffc27-011e-48b9-a8e6-c282fb7ada0e,JAL-0287,water_quality,active,1.0.0,Gangapur Basai monitoring point,26.81667,77.45,2026-04-01T08:16:52.826469,2026-04-01T08:16:54.623332,6d39f7e8-3b64-4af9-9649-3c754595e9d0,Gangapur Basai,Agra,Uttar Pradesh,5478,12,2026-04-01T08:16:52.826469,85.61,6.83,2.64,2.5
ff3ff631-dc8c-4bbc-af2a-9bd8c39f5d02,JAL-0288,water_quality,active,1.0.0,Gangapur Basai New monitoring point,26.83694,77.47167,2026-04-01T08:16:52.826469,2026-04-01T08:16:54.630146,c9757464-19c2-465f-b180-3b097c0378d3,Gangapur Basai New,Agra,Uttar Pradesh,5651,12,2026-04-01T08:16:52.826469,85.03,6.84,2.68,2.6
80e2e07e-ee90-469d-9339-44079d8da02c,JAL-0289,water_quality,active,1.0.0,Jagner Pz monitoring point,26.86639,77.60139,2026-04-01T08:16:52.826469,2026-04-01T08:16:54.636523,449e444c-6ceb-4423-b254-7178e301f2e6,Jagner Pz,Agra,Uttar Pradesh,5824,12,2026-04-01T08:16:52.826469,84.84,6.85,2.72,2.6
133eb86e-195a-4c95-9a8e-49d9f8c35df9,JAL-0290,water_quality,active,1.0.0,Kagraul monitoring point,27.02361,77.85,2026-04-01T08:16:52.826469,2026-04-01T08:16:54.644743,311b10bb-b250-4ceb-8fb6-d5580020a056,Kagraul,Agra,Uttar Pradesh,5997,12,2026-04-01T08:16:52.826469,84.65,6.86,2.77,2.6
80743b04-461d-4f98-b16a-4db00429802f,JAL-0291,water_quality,active,1.0.0,Khundauli Pz monitoring point,27.30806,78.02944,2026-04-01T08:16:52.826469,2026-04-01T08:16:54.651988,e9d171ee-a2b6-4bd1-9d28-8145f3875220,Khundauli Pz,Agra,Uttar Pradesh,6170,12,2026-04-01T08:16:52.826469,84.46,6.88,2.81,2.6
7f549edb-f303-456f-ab8d-18bdad0c9f68,JAL-0292,water_quality,active,1.0.0,Banbasa Hp monitoring point,29.08333,80.00028,2026-04-01T08:16:52.826469,2026-04-01T08:16:54.658942,709745e0-1e05-4e37-97ec-a77b3054e882,Banbasa Hp,Champawat,Uttarakhand,6343,12,2026-04-01T08:16:52.826469,83.87,6.89,2.85,2.7
ab82162d-66eb-4e32-8059-c55840f0310f,JAL-0293,water_quality,active,1.0.0,Bastia Hp monitoring point,29.12056,80.0,2026-04-01T08:16:52.826469,2026-04-01T08:16:54.665937,62fb766d-21cf-4022-be49-f8d3f85aaaa8,Bastia Hp,Champawat,Uttarakhand,6516,12,2026-04-01T08:16:52.826469,83.68,6.9,2.89,2.7
44157540-8a82-4c1c-95b5-d14be24b784c,JAL-0294,water_quality,active,1.0.0,Chhorba monitoring point,30.41944,77.82611,2026-04-01T08:16:52.826469,2026-04-01T08:16:54.673264,9c13a6f0-096d-4b2b-a7b2-28d127f7de04,Chhorba,Dehradun,Uttarakhand,6689,12,2026-04-01T08:16:52.826469,83.09,6.91,2.94,2.8
0bd7c71a-226c-4c38-824f-69299a8d83fb,JAL-0295,water_quality,active,1.0.0,Chhorba Piezometer monitoring point,30.41944,77.82611,2026-04-01T08:16:52.826469,2026-04-01T08:16:54.679150,bad7c204-802a-4a5e-9ca3-428c2d679408,Chhorba Piezometer,Dehradun,Uttarakhand,6862,12,2026-04-01T08:16:52.826469,82.9,6.92,2.98,2.8
d604f6ba-9322-4cff-88e7-465c1e316fdf,JAL-0296,water_quality,active,1.0.0,Jhajra monitoring point,30.34,77.91667,2026-04-01T08:16:52.826469,2026-04-01T08:16:54.686204,a228aca4-5c49-4ed1-b87e-b811f8802099,Jhajra,Dehradun,Uttarakhand,7035,12,2026-04-01T08:16:52.826469,82.71,6.94,3.02,2.8
f902ef3f-f82e-42e2-8d63-dde0f0f02d0e,JAL-0297,water_quality,active,1.0.0,Kanwali monitoring point,30.31528,78.00722,2026-04-01T08:16:52.826469,2026-04-01T08:16:54.695138,641ff5bb-3f3e-4567-ae61-790c78bfdba6,Kanwali,Dehradun,Uttarakhand,7208,12,2026-04-01T08:16:52.826469,82.52,6.95,3.07,2.8
ca0e4829-5727-4555-8a45-810a3e1e6825,JAL-0298,water_quality,active,1.0.0,Kuanwala monitoring point,30.24528,78.10194,2026-04-01T08:16:52.826469,2026-04-01T08:16:54.701628,6562c076-25cb-470d-8bc0-47a4fbcafd47,Kuanwala,Dehradun,Uttarakhand,7381,12,2026-04-01T08:16:52.826469,81.94,6.96,3.11,2.9
d269f815-8ed4-4634-ad55-2df986581122,JAL-0299,water_quality,active,1.0.0,Lal Tapar monitoring point,30.11972,78.17389,2026-04-01T08:16:52.826469,2026-04-01T08:16:54.708683,425a5fac-5a83-4a07-afe9-9c3c90052ccb,Lal Tapar,Dehradun,Uttarakhand,7554,12,2026-04-01T08:16:52.826469,81.75,6.97,3.15,2.9
dc4a0ba2-ad75-4f76-a6c8-2b0444e34d9c,JAL-0300,water_quality,active,1.0.0,Majra monitoring point,30.29222,78.00306,2026-04-01T08:16:52.826469,2026-04-01T08:16:54.713419,40f3e80b-db6d-4738-8572-3923173ffeaf,Majra,Dehradun,Uttarakhand,7727,12,2026-04-01T08:16:52.826469,81.56,6.98,3.19,2.9
